CAS,InChIKey,Score
"100-00-5","CZGCEKJOLUNIFY-UHFFFAOYSA-N","1"
"100-01-6","TYMLOMAKGOJONV-UHFFFAOYSA-N","1"
"100-18-5","SPPWGCYEYAMHDT-UHFFFAOYSA-N","0"
"100-40-3","BBDKZWKEPDTENS-UHFFFAOYSA-N","1"
"100-41-4","YNQLUTRBYVCPMQ-UHFFFAOYSA-N","1"
"100-52-7","HUMNYLRZRPPJDN-UHFFFAOYSA-N","1"
"100-53-8","UENWRTRMUIOCKN-UHFFFAOYSA-N","0"
"100-54-9","GZPHSAQLYPIAIN-UHFFFAOYSA-N","1"
"100-69-6","KGIGUEBEKRSTEW-UHFFFAOYSA-N","0"
"100-70-9","FFNVQNRYTPFDDP-UHFFFAOYSA-N","1"
"10081-67-1","UJAWGGOCYUPCPS-UHFFFAOYSA-N","0"
"101-02-0","HVLLSGMXQDNUAL-UHFFFAOYSA-N","0"
"101-67-7","GQBHYWDCHSZDQU-UHFFFAOYSA-N","0"
"101-72-4","OUBMGJOQLXMSNT-UHFFFAOYSA-N","0"
"101-84-8","USIUVYZYUHIAEV-UHFFFAOYSA-N","0"
"101-96-2","FSWDLYNGJBGFJH-UHFFFAOYSA-N","0"
"10192-32-2","ZDLBWMYNYNATIW-UHFFFAOYSA-N","0"
"102-27-2","GUYMMHOQXYZMJQ-UHFFFAOYSA-N","0"
"102-77-2","MHKLKWCYGIBEQF-UHFFFAOYSA-N","0"
"102-77-2","MHKLKWCYGIBEQF-UHFFFAOYSA-N","0"
"102-77-2","MHKLKWCYGIBEQF-UHFFFAOYSA-N","0"
"103-34-4","FVIGODVHAVLZOO-UHFFFAOYSA-N","1"
"103-69-5","OJGMBLNIHDZDGS-UHFFFAOYSA-N","1"
"104-38-1","WTPYFJNYAMXZJG-UHFFFAOYSA-N","0"
"104-72-3","AHDDRJBFJBDEPW-UHFFFAOYSA-N","0"
"104-76-7","YIWUKEYIRIRTPP-UHFFFAOYSA-N","1"
"104-76-7","YIWUKEYIRIRTPP-UHFFFAOYSA-N","1"
"105-05-5","DSNHSQKRULAAEI-UHFFFAOYSA-N","1"
"105-08-8","BWVAOONFBYYRHY-UHFFFAOYSA-N","0"
"105-62-4","UMHYVXGZRGOICM-AUYXYSRISA-N","0"
"105-67-9","KUFFULVDNCHOFZ-UHFFFAOYSA-N","1"
"10595-60-5","CJAGRJAFLCPABV-GTLAIDDRSA-N","0"
"10595-72-9","XUPXMIAWKPTZLZ-UHFFFAOYSA-N","0"
"106-22-9","QMVPMAAFGQKVCJ-JTQLQIEISA-N","1"
"106-24-1","GLZPCOQZEFWAFX-YFHOEESVSA-N","1"
"106-25-2","GLZPCOQZEFWAFX-YFHOEESVSA-N","1"
"106-44-5","IWDCLRJOBJJRNH-UHFFFAOYSA-N","1"
"106-49-0","RZXMPPFPUUCRFN-UHFFFAOYSA-N","1"
"106-93-4","PAAZPARNPHGIKF-UHFFFAOYSA-N","1"
"106-97-8","IJDNQMDRQITEOD-UHFFFAOYSA-N","1"
"106-97-8","IJDNQMDRQITEOD-UHFFFAOYSA-N","1"
"106-98-9","VXNZUUAINFGPBY-UHFFFAOYSA-N","0"
"106-98-9","VXNZUUAINFGPBY-UHFFFAOYSA-N","0"
"106-98-9","VXNZUUAINFGPBY-UHFFFAOYSA-N","0"
"106-99-0","KAKZBPTYRLMSJV-UHFFFAOYSA-N","1"
"106-99-0","KAKZBPTYRLMSJV-UHFFFAOYSA-N","1"
"106-99-0","KAKZBPTYRLMSJV-UHFFFAOYSA-N","1"
"106-99-0","KAKZBPTYRLMSJV-UHFFFAOYSA-N","1"
"10605-21-7","TWFZGCMQGLPBSX-UHFFFAOYSA-N","1"
"107-01-7","IAQRGUVFOMOMEM-ONEGZZNKSA-N","0"
"107-01-7","IAQRGUVFOMOMEM-ONEGZZNKSA-N","0"
"107-01-7","IAQRGUVFOMOMEM-ONEGZZNKSA-N","0"
"107-30-2","XJUZRXYOEPSWMB-UHFFFAOYSA-N","0"
"107-45-9","QIJIUJYANDSEKG-UHFFFAOYSA-N","0"
"107-66-4","JYFHYPJRHGVZDY-UHFFFAOYSA-N","0"
"107-87-9","XNLICIUVMPYHGG-UHFFFAOYSA-N","1"
"107-88-0","PUPZLCDOIYMWBV-UHFFFAOYSA-N","1"
"1070-03-7","LJKDOMVGKKPJBH-UHFFFAOYSA-N","0"
"108-03-2","JSZOAYXJRCEYSX-UHFFFAOYSA-N","1"
"108-39-4","RLSSMJSEOOYNOY-UHFFFAOYSA-N","1"
"108-44-1","JJYPMNFTHPTTDI-UHFFFAOYSA-N","0"
"108-68-9","TUAMRELNJMMDMT-UHFFFAOYSA-N","1"
"108-80-5","ZFSLODLOARCGLH-UHFFFAOYSA-N","1"
"108-82-7","HXQPUEQDBSPXTE-UHFFFAOYSA-N","0"
"108-89-4","FKNQCJSGGFJEIZ-UHFFFAOYSA-N","0"
"108-93-0","HPXRVTGHNJAIIH-UHFFFAOYSA-N","1"
"108-95-2","ISWSIDIOOBJBQZ-UHFFFAOYSA-N","1"
"108-99-6","ITQTTZVARXURQS-UHFFFAOYSA-N","0"
"108083-44-9","No result","N/A"
"1081-77-2","LIXVMPBOGDCSRM-UHFFFAOYSA-N","0"
"109-06-8","BSKHPKMHTQYZBB-UHFFFAOYSA-N","1"
"109-36-4","IIGMITQLXAGZTL-UHFFFAOYSA-N","0"
"109-66-0","OFBQJSOFQDEBGM-UHFFFAOYSA-N","1"
"109-66-0","OFBQJSOFQDEBGM-UHFFFAOYSA-N","1"
"109-72-8","MZRVEZGGRBJDDB-UHFFFAOYSA-N","0"
"110-12-3","FFWSICBKRCICMR-UHFFFAOYSA-N","0"
"110-18-9","KWYHDKDOAIKMQN-UHFFFAOYSA-N","0"
"110-30-5","RKISUIUJZGSLEV-UHFFFAOYSA-N","0"
"110-43-0","CATSNJVOTSVZJV-UHFFFAOYSA-N","1"
"110-86-1","JUJWROOIHBZHMG-UHFFFAOYSA-N","1"
"110-89-4","NQRYJNQNLNOLGT-UHFFFAOYSA-N","1"
"110-91-8","YNAVUWVOSKDBBP-UHFFFAOYSA-N","1"
"11070-44-3","XPEKVUUBSDFMDR-UHFFFAOYSA-N","0"
"111-27-3","GHVNFZFCNZKVNT-UHFFFAOYSA-N","1"
"111-27-3","GHVNFZFCNZKVNT-UHFFFAOYSA-N","1"
"111-49-9","ZSIQJIWKELUFRJ-UHFFFAOYSA-N","0"
"111-55-7","JTXMVXSTHSMVQF-UHFFFAOYSA-N","0"
"111-60-4","RFVNOJDQRGSOEL-UHFFFAOYSA-N","1"
"111-69-3","BTGRAWJCKBQKAO-UHFFFAOYSA-N","0"
"111-78-4","VYXHVRARDIDEHS-QGTKBVGQSA-N","0"
"111-87-5","KBPLFHHGFOOTCA-UHFFFAOYSA-N","1"
"111-97-7","NDVLTZFQVDXFAN-UHFFFAOYSA-N","0"
"11138-60-6","ZDIYIODMIWSRET-UHFFFAOYSA-N","0"
"111381-89-6","SOONNKHXNUDREF-UHFFFAOYSA-N","0"
"111381-90-9","ILVKYQKHSCWQAW-UHFFFAOYSA-N","0"
"111381-91-0","ACBFJMAXNZVRRX-UHFFFAOYSA-N","0"
"1115-20-4","SZCWBURCISJFEZ-UHFFFAOYSA-N","0"
"1118-92-9","VHRUBWHAOUIMDW-UHFFFAOYSA-N","0"
"111960-92-0","PCEZUHYPKVRJEN-UHFFFAOYSA-L","0"
"112-18-5","YWFWDNVOPHGWMX-UHFFFAOYSA-N","0"
"112-18-5","YWFWDNVOPHGWMX-UHFFFAOYSA-N","0"
"112-30-1","MWKFXSUHUHTGQN-UHFFFAOYSA-N","1"
"112-42-5","ZWRUINPWMLAQRD-UHFFFAOYSA-N","1"
"112-52-7","YAYNEUUHHLGGAH-UHFFFAOYSA-N","0"
"112-53-8","LQZZUXJYWNFBMV-UHFFFAOYSA-N","1"
"112-69-6","NHLUVTZJQOJKCC-UHFFFAOYSA-N","0"
"112-69-6","NHLUVTZJQOJKCC-UHFFFAOYSA-N","0"
"112-70-9","XFRVVPUIAFSTFO-UHFFFAOYSA-N","1"
"112-72-1","HLZKNKRTKFSKGZ-UHFFFAOYSA-N","1"
"112-75-4","SFBHPFQSSDCYSL-UHFFFAOYSA-N","0"
"112-75-4","SFBHPFQSSDCYSL-UHFFFAOYSA-N","0"
"112-84-5","UAUDZVJPLUQNMU-KTKRTIGZSA-N","0"
"112-88-9","CCCMONHAUSKTEQ-UHFFFAOYSA-N","1"
"112-90-3","QGLWBTPVKHMVHM-KTKRTIGZSA-N","0"
"112-90-3","QGLWBTPVKHMVHM-KTKRTIGZSA-N","0"
"112-91-4","UIAMCVSNZQYIQS-KTKRTIGZSA-N","0"
"112-91-4","UIAMCVSNZQYIQS-KTKRTIGZSA-N","0"
"1120-36-1","HFDVRLIODXPAHB-UHFFFAOYSA-N","0"
"1120-36-1","HFDVRLIODXPAHB-UHFFFAOYSA-N","0"
"113706-14-2","LPEQNMKNSKSCGZ-UHFFFAOYSA-N","0"
"115-07-1","QQONPFPTGQHPMA-UHFFFAOYSA-N","1"
"115-07-1","QQONPFPTGQHPMA-UHFFFAOYSA-N","1"
"115-11-7","VQTUBCCKSQIDNK-UHFFFAOYSA-N","0"
"115-11-7","VQTUBCCKSQIDNK-UHFFFAOYSA-N","0"
"115-27-5","FLBJFXNAEMSXGL-UHFFFAOYSA-N","0"
"115-83-3","OCKWAZCWKSMKNC-UHFFFAOYSA-N","0"
"115-95-7","UWKAYLJWKGQEPM-LBPRGKRZSA-N","1"
"115733-08-9","No result","N/A"
"117-08-8","AUHHYELHRWCWEZ-UHFFFAOYSA-N","0"
"117-81-7","BJQHLKABXJIVAM-UHFFFAOYSA-N","1"
"117-84-0","MQIUGAXCHLFZKX-UHFFFAOYSA-N","1"
"118-58-1","ZCTQGTTXIYCGGC-UHFFFAOYSA-N","0"
"119-06-2","YCZJVRCZIPDYHH-UHFFFAOYSA-N","0"
"119-36-8","OSWPMRLSEDHDFF-UHFFFAOYSA-N","1"
"119345-03-8","No result","N/A"
"119345-04-9","No result","N/A"
"120-40-1","AOMUHOFOVNGZAN-UHFFFAOYSA-N","0"
"120-51-4","SESFRYSPDFLNCH-UHFFFAOYSA-N","1"
"120-56-9","AHSGHEXYEABOKT-UHFFFAOYSA-N","0"
"120-78-5","AFZSMODLJJCVPP-UHFFFAOYSA-N","0"
"120-95-6","WMVJWKURWRGJCI-UHFFFAOYSA-N","0"
"12001-85-3","DPQXAUXLLDWUMQ-UHFFFAOYSA-L","0"
"121-33-5","MWOOGOJBHIARFG-UHFFFAOYSA-N","1"
"121-45-9","WVLBCYQITXONBZ-UHFFFAOYSA-N","0"
"121-57-3","HVBSAKJJOYLTQU-UHFFFAOYSA-N","1"
"121-69-7","JLTDJTHDQAWBAV-UHFFFAOYSA-N","1"
"121-73-3","KMAQZIILEGKYQZ-UHFFFAOYSA-N","1"
"12108-13-3","KPKMQYCSOVZNMI-UHFFFAOYSA-N","0"
"12113-07-4","SUZMSMLUONFLDA-UHFFFAOYSA-N","0"
"122-39-4","DMBHHRLKUKUOEG-UHFFFAOYSA-N","1"
"1222-05-5","QYRYFNHXARDNFZ-UHFFFAOYSA-N","1"
"123-11-5","ZRSNZINYAWTAHE-UHFFFAOYSA-N","1"
"123-18-2","GFWVDQCGGDBTBS-UHFFFAOYSA-N","0"
"123-28-4","GHKOFFNLGXMVNJ-UHFFFAOYSA-N","0"
"123-35-3","UAHWPYUMFXYFJY-UHFFFAOYSA-N","1"
"123-35-3","UAHWPYUMFXYFJY-UHFFFAOYSA-N","1"
"123-54-6","YRKCREAYFQTBPV-UHFFFAOYSA-N","1"
"123-95-5","ULBTUVJTXULMLP-UHFFFAOYSA-N","0"
"124-22-1","JRBPAEWTRLWTQC-UHFFFAOYSA-N","0"
"124-22-1","JRBPAEWTRLWTQC-UHFFFAOYSA-N","0"
"124-26-5","LYRFLYHAGKPMFH-UHFFFAOYSA-N","1"
"124-28-7","NAPSCFZYZVSQHF-UHFFFAOYSA-N","0"
"124-28-7","NAPSCFZYZVSQHF-UHFFFAOYSA-N","0"
"124-30-1","REYJJPSVUYRZGE-UHFFFAOYSA-N","0"
"124-30-1","REYJJPSVUYRZGE-UHFFFAOYSA-N","0"
"124-38-9","CURLTUGMZLYLDI-UHFFFAOYSA-N","1"
"124-68-5","CBTVGIZVANVGBH-UHFFFAOYSA-N","0"
"125252-49-5","No result","N/A"
"125904-11-2","SSZOCHFYWWVSAI-UHFFFAOYSA-N","0"
"125997-21-9","No result","N/A"
"126-11-4","OLQJQHSAWMFDJE-UHFFFAOYSA-N","0"
"126-57-8","KDMAJIXYCNOVJB-UHFFFAOYSA-N","0"
"126-73-8","STCOOQWBFONSKY-UHFFFAOYSA-N","1"
"12645-31-7","LJKDOMVGKKPJBH-UHFFFAOYSA-N","0"
"127-51-5","JRJBVWJSTHECJK-PKNBQFBNSA-N","0"
"127-91-3","WTARULDDTDQWMU-UHFFFAOYSA-N","1"
"128-37-0","NLZUEZXRPGMBCV-UHFFFAOYSA-N","1"
"128-39-2","DKCPKDPYUFEZCP-UHFFFAOYSA-N","0"
"130066-44-3","No result","N/A"
"131-11-3","NIQCNGHVCWTJSM-UHFFFAOYSA-N","1"
"13106-44-0","UZLGVMYVDYNSCS-UHFFFAOYSA-M","0"
"131298-44-7","HNDYULRADYGBDU-UHFFFAOYSA-N","0"
"131459-42-2","SPURMHFLEKVAAS-UHFFFAOYSA-N","0"
"1319-77-3","ISWSIDIOOBJBQZ-UHFFFAOYSA-N","1"
"1323-39-3","FKOKUHFZNIUSLW-UHFFFAOYSA-N","0"
"13284-42-9","ISBHMJZRKAFTGE-ONEGZZNKSA-N","0"
"1330-61-6","FWLDHHJLVGRRHD-UHFFFAOYSA-N","0"
"1330-78-5","RYYKJJJTJZKILX-UHFFFAOYSA-M","1"
"1333-07-9","YCMLQMDWSXFTIF-UHFFFAOYSA-N","0"
"1333-74-0","UFHFLCQGNIYNRP-UHFFFAOYSA-N","1"
"1335-46-2","VPKMGDRERYMTJX-CMDGGOBGSA-N","0"
"1338-24-5","VUSWCWPCANWBFG-UHFFFAOYSA-N","0"
"1338-39-2","LWZFANDGMFTDAV-URHIDPGUSA-N","1"
"1338-41-6","HVUMOYIDDBPOLL-QNECDRBKSA-N","1"
"1338-43-8","ZQPPMHVWECSIRJ-KTKRTIGZSA-N","1"
"13472-08-7","OSWBZCCZJXCOGL-UHFFFAOYSA-N","0"
"13560-89-9","UGQQAJOWXNCOPY-UHFFFAOYSA-N","0"
"13586-84-0","AMFIJXSMYBKJQV-UHFFFAOYSA-L","0"
"136-23-2","BOXSVZNGTQTENJ-UHFFFAOYSA-L","0"
"137-26-8","KUAZQDVKQLNFPE-UHFFFAOYSA-N","1"
"138-86-3","XMGQYMWWDOXHJM-JTQLQIEISA-N","1"
"13863-31-5","VVYVUOFMPAXVCH-QDBORUFSSA-L","0"
"140-11-4","QUKGYYKBILRGFE-UHFFFAOYSA-N","1"
"140-66-9","ISAVYTVYFVQUDY-UHFFFAOYSA-N","1"
"142-22-3","JHQVCQDWGSXTFE-UHFFFAOYSA-N","0"
"142-78-9","QZXSMBBFBXPQHI-UHFFFAOYSA-N","0"
"143-27-1","KMXTYZBQPJXGNK-UHFFFAOYSA-N","1"
"143-27-1","KMXTYZBQPJXGNK-UHFFFAOYSA-N","1"
"143-28-2","ALSTYHKOOCGGFT-KTKRTIGZSA-N","1"
"143-29-3","LMSQHVXHZCNJEP-UHFFFAOYSA-N","0"
"144-19-4","JCTXKRPTIMZBJT-UHFFFAOYSA-N","0"
"144-35-4","SDCYWERHEYVPHL-UHFFFAOYSA-N","0"
"14433-76-2","HNXNKTMIVROLTK-UHFFFAOYSA-N","0"
"14450-05-6","YYJBWYBULYUKMR-UHFFFAOYSA-N","0"
"14643-87-9","XKMZOFXGLBYJLS-UHFFFAOYSA-L","0"
"147-14-8","XCJYREBRNVKWGJ-UHFFFAOYSA-N","0"
"147732-60-3","LQONWVIHYMEWNT-UHFFFAOYSA-M","0"
"149-30-4","YXIWHUQXZSMYRE-UHFFFAOYSA-N","1"
"149-57-5","WWZKQHOCKIZLMA-UHFFFAOYSA-N","1"
"149119-20-0","No result","N/A"
"150-76-5","NWVVVBRKAWDGAB-UHFFFAOYSA-N","1"
"151789-06-9","CUFBDUDYFHCIOH-UHFFFAOYSA-N","0"
"151789-07-0","YZGGABQGIYPLRM-UHFFFAOYSA-N","0"
"15214-89-8","XHZPRMZZQOIPDS-UHFFFAOYSA-N","0"
"15233-47-3","JQTYAZKTBXWQOM-UHFFFAOYSA-N","0"
"15721-78-5","GQBHYWDCHSZDQU-UHFFFAOYSA-N","0"
"15890-25-2","ACNHBJQDDXQFAT-UHFFFAOYSA-K","0"
"1592-23-0","CJZGTCYPCWQAJB-UHFFFAOYSA-L","1"
"1599-67-3","NOPFSRXAKWQILS-UHFFFAOYSA-N","1"
"16090-02-1","VUJGKADZTYCLIL-YHPRVSEPSA-L","0"
"1646-75-9","ZFGMCJAXIZTVJA-GQCTYLIASA-N","0"
"16470-24-9","CPZFDTYTCMAAQX-MBCFVHIPSA-J","0"
"16529-56-9","WBAXCOMEMKANRN-UHFFFAOYSA-N","0"
"16883-83-3","HPZSSCRWFLKGOG-UHFFFAOYSA-N","0"
"17540-75-9","BFZOTKYPSZSDEV-UHFFFAOYSA-N","0"
"17611-82-4","GDCJAPJJFZWILF-UHFFFAOYSA-N","0"
"17661-50-6","MHXBHWLGRWOABW-UHFFFAOYSA-N","0"
"17824-83-8","KFPBGJYBKSQIAI-UHFFFAOYSA-N","0"
"17852-99-2","WGYYVXRIDZRFPW-UHFFFAOYSA-L","0"
"1806-26-4","NTDQQZYCCIDJRK-UHFFFAOYSA-N","1"
"180788-27-6","No result","N/A"
"1817-13-6","MWFCRQNUHFSUNY-UHFFFAOYSA-N","0"
"18268-70-7","GYHPTPQZVBYHLC-UHFFFAOYSA-N","0"
"1843-05-6","QUAMTGJKVDWJEQ-UHFFFAOYSA-N","1"
"184378-08-3","No result","N/A"
"18479-58-8","XSNQECSCDATQEL-UHFFFAOYSA-N","0"
"1852-16-0","UTSYWKJYFPPRAP-UHFFFAOYSA-N","0"
"18760-44-6","ZMLKENVAWQJBIR-UHFFFAOYSA-N","0"
"1918-00-9","IWEDIXLBFLAXBO-UHFFFAOYSA-N","1"
"1982-69-0","HLZCHRAMVPCKDU-UHFFFAOYSA-M","0"
"1984-58-3","QKMNFFSBZRGHDJ-UHFFFAOYSA-N","0"
"2050-08-0","PMGCQNGBLMMXEW-UHFFFAOYSA-N","0"
"210555-94-5","ZLIZUPQZVMVLPA-UHFFFAOYSA-N","0"
"2163-42-0","QWGRWMMWNDWRQN-UHFFFAOYSA-N","0"
"2163-42-0","QWGRWMMWNDWRQN-UHFFFAOYSA-N","0"
"2176-62-7","DNDPLEAVNVOOQZ-UHFFFAOYSA-N","0"
"218141-16-3","DHIBIUNZWFPELU-UHFFFAOYSA-N","0"
"2231-57-4","LJTFFORYSFGNCT-UHFFFAOYSA-N","1"
"22788-19-8","WITKSCOBOCOGSC-UHFFFAOYSA-N","1"
"228573-47-5","No result","N/A"
"23386-52-9","UELAIMNOXLAYRW-UHFFFAOYSA-M","0"
"2373-38-8","MAHMRCJOZYLGOW-UHFFFAOYSA-N","0"
"2386-87-0","YXALYBMHAYZKAP-UHFFFAOYSA-N","0"
"2402-79-1","FATBKZJZAHWCSL-UHFFFAOYSA-N","0"
"2416-94-6","QQOMQLYQAXGHSU-UHFFFAOYSA-N","0"
"2436-90-0","FUDNBFMOXDUIIE-UHFFFAOYSA-N","0"
"2437-25-4","VXCUURYYWGCLIH-UHFFFAOYSA-N","0"
"2437-56-1","VQOXUMQBYILCKR-UHFFFAOYSA-N","0"
"2439-35-2","DPBJAVGHACCNRL-UHFFFAOYSA-N","0"
"2440-22-4","MCPKSFINULVDNX-UHFFFAOYSA-N","1"
"2451-62-9","OUPZKGBUJRBPGC-UHFFFAOYSA-N","0"
"24549-06-2","JJVKJJNCIILLRP-UHFFFAOYSA-N","0"
"25013-15-4","XYLMUPLGERFSHI-UHFFFAOYSA-N","1"
"25134-21-8","JIYNFFGKZCOPKN-UHFFFAOYSA-N","0"
"25155-23-1","LLPMAOBOEQFPRE-UHFFFAOYSA-N","0"
"25167-67-3","VXNZUUAINFGPBY-UHFFFAOYSA-N","0"
"25167-67-3","VXNZUUAINFGPBY-UHFFFAOYSA-N","0"
"25264-93-1","LIKMAJRDDDTEIG-UHFFFAOYSA-N","0"
"2528-36-1","YICSVBJRVMLQNS-UHFFFAOYSA-N","0"
"25321-09-9","OKIRBHVFJGXOIS-UHFFFAOYSA-N","0"
"25322-17-2","WDNQRCVBPNOTNV-UHFFFAOYSA-N","0"
"25339-09-7","LGEZTMRIZWCDLW-UHFFFAOYSA-N","0"
"25339-17-7","PLLBRTOLHQQAQQ-UHFFFAOYSA-N","0"
"25339-56-4","KWKAKUADMBZCLK-UHFFFAOYSA-N","0"
"25340-17-4","DSNHSQKRULAAEI-UHFFFAOYSA-N","1"
"25377-83-7","KWKAKUADMBZCLK-UHFFFAOYSA-N","0"
"25378-22-7","CRSBERNSMYQZNG-UHFFFAOYSA-N","0"
"25448-25-3","QEDNBHNWMHJNAB-UHFFFAOYSA-N","0"
"25550-51-0","FKBMTBAXDISZGN-UHFFFAOYSA-N","0"
"25550-98-5","SXXILWLQSQDLDL-UHFFFAOYSA-N","0"
"25586-42-9","FEVFLQDDNUQKRY-UHFFFAOYSA-N","0"
"25619-56-1","YSIQDTZQRDDQNF-UHFFFAOYSA-L","0"
"25899-50-7","ISBHMJZRKAFTGE-ARJAWSKDSA-N","0"
"25973-55-1","ZMWRRFHBXARRRT-UHFFFAOYSA-N","0"
"26140-60-3","XJKSTNDFUHDPQJ-UHFFFAOYSA-N","0"
"2624-17-1","QHFDHWJHIAVELW-UHFFFAOYSA-M","0"
"26264-05-1","UYLNXHPPEWDOLL-UHFFFAOYSA-M","0"
"26264-06-2","IQAXZJZTCMIPCX-UHFFFAOYSA-L","0"
"26266-58-0","PRXRUNOAOLTIEF-ILWZSSAQSA-N","1"
"26294-98-4","ISBHMJZRKAFTGE-ONEGZZNKSA-N","0"
"26351-32-6","WFWQUQYVEYXMPO-UHFFFAOYSA-N","0"
"26472-00-4","IYQYZZHQSZMZIG-UHFFFAOYSA-N","0"
"26523-78-4","YKOPAUBBWPNUKT-UHFFFAOYSA-N","0"
"26544-23-0","ADRNSOYXKABLGT-UHFFFAOYSA-N","0"
"26760-64-5","MHNNAWXXUZQSNM-UHFFFAOYSA-N","0"
"26761-45-5","DHEHEJGXTUCSQF-UHFFFAOYSA-N","0"
"26999-29-1","DXECDJILNIXBML-UHFFFAOYSA-N","0"
"27070-58-2","CCCMONHAUSKTEQ-UHFFFAOYSA-N","1"
"27215-95-8","IICQZTQZQSBHBY-HWKANZROSA-N","0"
"27251-75-8","WDRCVXGINNJWPH-UHFFFAOYSA-N","0"
"27251-75-8","WDRCVXGINNJWPH-UHFFFAOYSA-N","0"
"27323-41-7","JHWLWOYSFJIYQV-UHFFFAOYSA-N","0"
"27554-26-3","IJFPVINAQGWBRJ-UHFFFAOYSA-N","1"
"27676-62-6","VNQNXQYZMPJLQX-UHFFFAOYSA-N","0"
"2772-45-4","FMUYQRFTLHAARI-UHFFFAOYSA-N","0"
"2778-42-9","AZYRZNIYJDKRHO-UHFFFAOYSA-N","0"
"2781-11-5","CCJKFLLIJCGHMO-UHFFFAOYSA-N","0"
"28061-69-0","DCNHQNGFLVPROM-QXMHVHEDSA-N","0"
"28324-52-9","QMQTYHMGPDPPPW-UHFFFAOYSA-N","0"
"28473-21-4","ZWRUINPWMLAQRD-UHFFFAOYSA-N","1"
"28519-02-0","HUHBEJNFURMZLH-UHFFFAOYSA-L","0"
"2867-47-2","JKNCOURZONDCGV-UHFFFAOYSA-N","0"
"287-92-3","RGSFGYAAUTVSQA-UHFFFAOYSA-N","0"
"28701-67-9","BOKTVFODBQQGIH-UHFFFAOYSA-N","0"
"28701-67-9","BOKTVFODBQQGIH-UHFFFAOYSA-N","0"
"2893-78-9","MSFGZHUJTJBYFA-UHFFFAOYSA-M","1"
"29036-02-0","OWPJBAYCIXEHFA-UHFFFAOYSA-N","0"
"29598-76-3","VSVVZZQIUJXYQA-UHFFFAOYSA-N","0"
"29598-76-3","VSVVZZQIUJXYQA-UHFFFAOYSA-N","0"
"29637-52-3","BHMCWKHQTHVFST-MBCFVHIPSA-J","0"
"29761-21-5","RYUJRXVZSJCHDZ-UHFFFAOYSA-N","0"
"298-06-6","IRDLUHRVLVEUHA-UHFFFAOYSA-N","0"
"298-07-7","SEGLCEQVOFDUPX-UHFFFAOYSA-N","0"
"29806-73-3","FTPUBZGARRXJIM-UHFFFAOYSA-N","0"
"29806-73-3","FTPUBZGARRXJIM-UHFFFAOYSA-N","0"
"301-02-0","FATBGEAMYMYZAF-KTKRTIGZSA-N","1"
"30113-45-2","MNKBJOSIVSQUBI-UHFFFAOYSA-N","0"
"30113-45-2","MNKBJOSIVSQUBI-UHFFFAOYSA-N","0"
"306-83-2","OHMHBGPWCHTMQE-UHFFFAOYSA-N","0"
"306-83-2","OHMHBGPWCHTMQE-UHFFFAOYSA-N","0"
"3081-01-4","UHJVLUYSDYOULM-UHFFFAOYSA-N","0"
"3081-14-9","ZJNLYGOUHDJHMG-UHFFFAOYSA-N","0"
"3089-11-0","BNCADMBVWNPPIZ-UHFFFAOYSA-N","0"
"3147-75-9","IYAZLDLPUNDVAG-UHFFFAOYSA-N","1"
"3151-59-5","KMXTYZBQPJXGNK-UHFFFAOYSA-N","1"
"3151-59-5","KMXTYZBQPJXGNK-UHFFFAOYSA-N","1"
"31556-45-3","GKAVWWCJCPVMNR-UHFFFAOYSA-N","0"
"3159-62-4","RXPKHKBYUIHIGL-UHFFFAOYSA-L","0"
"3173-53-3","DGTNSSLYPYDJGL-UHFFFAOYSA-N","0"
"328-84-7","XILPLWOGHPSJBK-UHFFFAOYSA-N","0"
"3296-90-0","CHUGKEQJSLOLHL-UHFFFAOYSA-N","0"
"3319-31-1","KRADHMIOFJQKEZ-UHFFFAOYSA-N","0"
"3319-31-1","KRADHMIOFJQKEZ-UHFFFAOYSA-N","0"
"3338-24-7","ZKDDJTYSFCWVGS-UHFFFAOYSA-M","0"
"340017-14-3","No result","N/A"
"34090-76-1","FKBMTBAXDISZGN-UHFFFAOYSA-N","0"
"3452-07-1","VAMFXQBUQXONLZ-UHFFFAOYSA-N","1"
"35074-77-2","ZVVFVKJZNVSANF-UHFFFAOYSA-N","0"
"35074-77-2","ZVVFVKJZNVSANF-UHFFFAOYSA-N","0"
"354-58-5","CYXIKYKBLDZZNW-UHFFFAOYSA-N","1"
"36445-71-3","JTEJEDOIXSTHKS-UHFFFAOYSA-L","0"
"3648-20-2","QQVHEQUEHCEAKS-UHFFFAOYSA-N","0"
"36505-83-6","QGSCPWWHMSCFOV-RRABGKBLSA-N","1"
"36505-83-6","QGSCPWWHMSCFOV-RRABGKBLSA-N","1"
"36653-82-4","BXWNKGSJHAJOGX-UHFFFAOYSA-N","1"
"3687-46-5","SASYSVUEVMOWPL-NXVVXOECSA-N","1"
"36878-20-3","DMLQDPIAVJTTKJ-UHFFFAOYSA-N","0"
"3709-43-1","UETHPMGVZHBAFB-OWOJBTEDSA-N","1"
"3710-84-7","FVCOIAYSJZGECG-UHFFFAOYSA-N","1"
"374-07-2","BAMUEXIPKSRTBS-UHFFFAOYSA-N","0"
"3806-34-6","PZRWFKGUFWPFID-UHFFFAOYSA-N","0"
"38103-06-9","MQAHXEQUBNDFGI-UHFFFAOYSA-N","0"
"38900-29-7","XGIRWPYENXRJMZ-UHFFFAOYSA-N","0"
"40601-76-1","XYXJKPCGSGVSBO-UHFFFAOYSA-N","0"
"4088-22-6","VFLWKHBYVIUAMP-UHFFFAOYSA-N","0"
"4088-22-6","VFLWKHBYVIUAMP-UHFFFAOYSA-N","0"
"41484-35-9","VFBJXXJYHWLXRM-UHFFFAOYSA-N","0"
"41663-84-7","JBCHWGTZAAZJKG-UHFFFAOYSA-N","0"
"4193-55-9","YJHDFAAFYNRKQE-YHPRVSEPSA-L","0"
"42222-50-4","AMZKGJLFYCZDMJ-WRBBJXAJSA-N","0"
"4223-03-4","YRDNVESFWXDNSI-UHFFFAOYSA-N","0"
"42615-29-2","GHRHULTYHYEOQB-UHFFFAOYSA-M","0"
"4292-10-8","MRUAUOIMASANKQ-UHFFFAOYSA-N","0"
"4404-43-7","CNGYZEMWVAWWOB-VAWYXSNFSA-N","0"
"4485-12-5","HGPXWXLYXNVULB-UHFFFAOYSA-M","0"
"4499-91-6","OQQBICHQNZEJCC-UHFFFAOYSA-N","0"
"44992-01-0","FZGFBJMPSHGTRQ-UHFFFAOYSA-M","0"
"4553-62-2","FPPLREPCQJZDAQ-UHFFFAOYSA-N","0"
"4635-87-4","UVKXJAUUKPDDNW-NSCUHMNNSA-N","0"
"473-54-1","YYWZKGZIIKPPJZ-UHFFFAOYSA-N","0"
"473-55-2","XOKSLPVRUOBDEW-UHFFFAOYSA-N","0"
"482-89-3","COHYTHOBJLSHDF-BUHFOSPRSA-N","1"
"4904-61-4","ZOLLIQAKMYWTBR-FFWAUJBHSA-N","0"
"4948-28-1","YYWZKGZIIKPPJZ-UHFFFAOYSA-N","0"
"4948-29-2","UBLXSSRRVRLOEO-UHFFFAOYSA-N","0"
"5039-78-1","RRHXZLALVWBDKH-UHFFFAOYSA-M","0"
"50594-66-6","NUFNQYOELLVIPL-UHFFFAOYSA-N","0"
"513-35-9","BKOOMYPCSUNDGP-UHFFFAOYSA-N","0"
"513-35-9","BKOOMYPCSUNDGP-UHFFFAOYSA-N","0"
"51580-86-0","PYILKOIEIHHYGD-UHFFFAOYSA-M","0"
"5165-97-9","FWFUWXVFYKCSQA-UHFFFAOYSA-M","0"
"5188-07-8","RMBAVIFYHOYIFM-UHFFFAOYSA-M","0"
"52166-72-0","RANCECPPZPIPNO-UHFFFAOYSA-N","1"
"526-75-0","QWBBPBRQALCEIZ-UHFFFAOYSA-N","0"
"5281-04-9","PZTQVMXMKVTIRC-RZLHGTIFSA-L","0"
"52898-18-7","WEAGIKYKIOBREP-UHFFFAOYSA-N","0"
"53422-16-5","XZMLMTGOWVWIRV-DUGSHLAESA-N","0"
"53894-23-8","KCKUULIJQMLXLI-UHFFFAOYSA-N","0"
"53894-23-8","KCKUULIJQMLXLI-UHFFFAOYSA-N","0"
"53980-88-4","RYKIXDBAIYMFDV-UHFFFAOYSA-N","0"
"5419-55-6","NHDIQVFFNDKAQU-UHFFFAOYSA-N","0"
"54261-67-5","BQGHVUIRQKWVEJ-UHFFFAOYSA-L","0"
"543-39-5","DUNCVNHORHNONW-UHFFFAOYSA-N","0"
"5468-75-7","LQZFGPJGXVFSTR-LMXNTIJMSA-N","0"
"55-63-0","SNIOPGDIGTZGOP-UHFFFAOYSA-N","1"
"550-44-7","YCCILVSKPBXVIP-UHFFFAOYSA-N","1"
"550-44-7","YCCILVSKPBXVIP-UHFFFAOYSA-N","1"
"554-13-2","XGZVUEUWXADBQD-UHFFFAOYSA-L","1"
"557-04-0","HQKMJHAJHXVSDF-UHFFFAOYSA-L","1"
"558-37-2","PKXHXOTZMFCXSH-UHFFFAOYSA-N","0"
"56-93-9","QXKHYNVANLEOEG-UHFFFAOYSA-N","1"
"563-47-3","OHXAOPZTJOUYKM-UHFFFAOYSA-N","1"
"563-47-3","OHXAOPZTJOUYKM-UHFFFAOYSA-N","1"
"563-80-4","SYBYTAAJFKOIEJ-UHFFFAOYSA-N","1"
"563-80-4","SYBYTAAJFKOIEJ-UHFFFAOYSA-N","1"
"57-55-6","DNIAPMSPPWPWGF-UHFFFAOYSA-N","1"
"57110-29-9","XLBVNMSMFQMKEY-UHFFFAOYSA-N","0"
"576-26-1","NXXYKOUNUYWIHA-UHFFFAOYSA-N","0"
"5766-67-6","FDWRKVKXYZRYOD-UHFFFAOYSA-N","0"
"5766-67-6","FDWRKVKXYZRYOD-UHFFFAOYSA-N","0"
"57675-44-2","BTGGRPUPMPLZNT-PGEUSFDPSA-N","0"
"577-11-7","APSBXTVYXVQYAB-UHFFFAOYSA-M","1"
"578-54-1","MLPVBIWIRCKMJV-UHFFFAOYSA-N","0"
"57855-77-3","MKFUUBCXQNCPIP-UHFFFAOYSA-L","0"
"579-66-8","FOYHNROGBXVLLX-UHFFFAOYSA-N","1"
"5810-88-8","DQNJHGSFNUDORY-UHFFFAOYSA-N","0"
"583-78-8","RANCECPPZPIPNO-UHFFFAOYSA-N","1"
"58374-69-9","BQMNFPBUAQPINY-UHFFFAOYSA-N","0"
"586-62-9","MOYAFQVGZZPNRA-UHFFFAOYSA-N","1"
"58823-09-9","CJOFOMGFGJRPFD-UHFFFAOYSA-N","0"
"590-01-2","BTMVHUNTONAYDX-UHFFFAOYSA-N","0"
"592-51-8","CFEYBLWMNFZOPB-UHFFFAOYSA-N","0"
"592-76-7","ZGEGCLOFRBLKSE-UHFFFAOYSA-N","0"
"5989-27-5","XMGQYMWWDOXHJM-JTQLQIEISA-N","1"
"599-64-4","QBDSZLJBMIMQRS-UHFFFAOYSA-N","1"
"60-12-8","WRMNZCZEMHIOCP-UHFFFAOYSA-N","1"
"60-29-7","RTZKZFJDLAIYFH-UHFFFAOYSA-N","1"
"6028-47-3","KGYKKBGZPGVFOS-UHFFFAOYSA-N","0"
"616-45-5","HNJBEVLQSNELDL-UHFFFAOYSA-N","1"
"61617-00-3","GHPJYLIEFFVDGR-UHFFFAOYSA-L","0"
"61788-32-7","TVBYFUMVFJKKNJ-UHFFFAOYSA-N","0"
"61788-44-1","GZGSEMRMKBBQGA-UHFFFAOYSA-N","0"
"61788-45-2","REYJJPSVUYRZGE-UHFFFAOYSA-N","0"
"61788-45-2","REYJJPSVUYRZGE-UHFFFAOYSA-N","0"
"61788-46-3","No result","N/A"
"61788-46-3","No result","N/A"
"61788-62-3","No result","N/A"
"61788-62-3","No result","N/A"
"61788-63-4","No result","N/A"
"61788-63-4","No result","N/A"
"61788-91-8","No result","N/A"
"61788-91-8","No result","N/A"
"61788-93-0","RJSZFSOFYVMDIC-UHFFFAOYSA-N","0"
"61788-93-0","RJSZFSOFYVMDIC-UHFFFAOYSA-N","0"
"61788-95-2","No result","N/A"
"61788-95-2","No result","N/A"
"61789-39-7","PCISSFHSQFJBNX-UHFFFAOYSA-N","0"
"61789-40-0","No result","N/A"
"61789-40-0","No result","N/A"
"61789-51-3","IFSWBZCGMGEHLE-UHFFFAOYSA-L","0"
"61789-52-4","No result","N/A"
"61789-53-5","No result","N/A"
"61789-76-2","No result","N/A"
"61789-79-5","No result","N/A"
"61789-79-5","No result","N/A"
"61790-13-4","KQSJSRIUULBTSE-UHFFFAOYSA-M","0"
"61790-18-9","No result","N/A"
"61790-28-1","No result","N/A"
"61790-29-2","No result","N/A"
"61790-31-6","No result","N/A"
"61790-33-8","No result","N/A"
"61790-33-8","No result","N/A"
"61790-42-9","No result","N/A"
"61790-63-4","No result","N/A"
"61790-69-0","No result","N/A"
"61791-31-9","No result","N/A"
"61791-31-9","No result","N/A"
"61791-39-7","No result","N/A"
"61791-44-4","ZBCBWPMODOFKDW-UHFFFAOYSA-N","1"
"61791-44-4","ZBCBWPMODOFKDW-UHFFFAOYSA-N","1"
"61791-55-7","No result","N/A"
"61791-55-7","No result","N/A"
"62-53-3","PAYRUJLWNCNPSJ-UHFFFAOYSA-N","1"
"62-53-3","PAYRUJLWNCNPSJ-UHFFFAOYSA-N","1"
"622-96-8","JRLPEMVDPFPYPJ-UHFFFAOYSA-N","0"
"622-97-9","JLBJTVDPSNHSKJ-UHFFFAOYSA-N","0"
"624-83-9","HAMGRBXTJNITHG-UHFFFAOYSA-N","0"
"624-92-0","WQOXQRCZOLPYPM-UHFFFAOYSA-N","1"
"62476-59-9","RVULBHWZFCBODE-UHFFFAOYSA-M","0"
"627-83-8","FPVVYTCTZKCSOJ-UHFFFAOYSA-N","1"
"629-59-4","BGHCVCJVXZWKCC-UHFFFAOYSA-N","0"
"629-62-9","YCOZIPAWZNQLMR-UHFFFAOYSA-N","1"
"629-73-2","GQEZCXVZFLOKMC-UHFFFAOYSA-N","1"
"629-73-2","GQEZCXVZFLOKMC-UHFFFAOYSA-N","1"
"629-76-5","REIUXOLGHVXAEO-UHFFFAOYSA-N","1"
"629-79-8","WGXGAUQEMYSVJM-UHFFFAOYSA-N","0"
"629-96-9","BTFJIXJJCSYFAL-UHFFFAOYSA-N","1"
"6294-34-4","XXIDKSWYSYEFAG-UHFFFAOYSA-N","0"
"630-08-0","UGFAIRIUMAVXCW-UHFFFAOYSA-N","1"
"63231-60-7","No result","N/A"
"63393-82-8","HLZKNKRTKFSKGZ-UHFFFAOYSA-N","1"
"63512-64-1","GCYNIFRTYQGRBB-UHFFFAOYSA-N","0"
"63721-05-1","MKLKDUHMZCIBSJ-UHFFFAOYSA-N","0"
"63721-05-1","MKLKDUHMZCIBSJ-UHFFFAOYSA-N","0"
"63734-62-3","ONKRUAQFUNKYAX-UHFFFAOYSA-N","0"
"638-65-3","RHSBIGNQEIPSCT-UHFFFAOYSA-N","0"
"646-06-0","WNXJIVFYUVYPPR-UHFFFAOYSA-N","0"
"6471-78-9","JBAVAJIXZVRJHT-UHFFFAOYSA-N","0"
"64741-41-9","No result","N/A"
"64741-41-9","No result","N/A"
"64741-42-0","No result","N/A"
"64741-43-1","No result","N/A"
"64741-44-2","No result","N/A"
"64741-45-3","No result","N/A"
"64741-45-3","No result","N/A"
"64741-46-4","No result","N/A"
"64741-47-5","No result","N/A"
"64741-48-6","No result","N/A"
"64741-49-7","No result","N/A"
"64741-50-0","No result","N/A"
"64741-51-1","No result","N/A"
"64741-52-2","No result","N/A"
"64741-53-3","No result","N/A"
"64741-54-4","No result","N/A"
"64741-55-5","No result","N/A"
"64741-55-5","No result","N/A"
"64741-55-5","No result","N/A"
"64741-56-6","No result","N/A"
"64741-57-7","No result","N/A"
"64741-57-7","No result","N/A"
"64741-58-8","No result","N/A"
"64741-59-9","No result","N/A"
"64741-60-2","No result","N/A"
"64741-61-3","No result","N/A"
"64741-61-3","No result","N/A"
"64741-62-4","No result","N/A"
"64741-62-4","No result","N/A"
"64741-62-4","No result","N/A"
"64741-63-5","No result","N/A"
"64741-64-6","No result","N/A"
"64741-65-7","No result","N/A"
"64741-66-8","No result","N/A"
"64741-66-8","No result","N/A"
"64741-67-9","No result","N/A"
"64741-67-9","No result","N/A"
"64741-68-0","No result","N/A"
"64741-69-1","No result","N/A"
"64741-70-4","No result","N/A"
"64741-72-6","No result","N/A"
"64741-73-7","No result","N/A"
"64741-73-7","No result","N/A"
"64741-74-8","No result","N/A"
"64741-74-8","No result","N/A"
"64741-74-8","No result","N/A"
"64741-75-9","No result","N/A"
"64741-75-9","No result","N/A"
"64741-76-0","No result","N/A"
"64741-77-1","No result","N/A"
"64741-78-2","No result","N/A"
"64741-79-3","No result","N/A"
"64741-80-6","No result","N/A"
"64741-80-6","No result","N/A"
"64741-81-7","No result","N/A"
"64741-81-7","No result","N/A"
"64741-82-8","No result","N/A"
"64741-83-9","No result","N/A"
"64741-84-0","No result","N/A"
"64741-85-1","No result","N/A"
"64741-85-1","No result","N/A"
"64741-86-2","No result","N/A"
"64741-87-3","No result","N/A"
"64741-87-3","No result","N/A"
"64741-87-3","No result","N/A"
"64741-88-4","No result","N/A"
"64741-89-5","No result","N/A"
"64741-90-8","No result","N/A"
"64741-91-9","No result","N/A"
"64741-92-0","No result","N/A"
"64741-95-3","No result","N/A"
"64741-96-4","No result","N/A"
"64741-97-5","No result","N/A"
"64741-98-6","No result","N/A"
"64741-98-6","No result","N/A"
"64741-98-6","No result","N/A"
"64741-99-7","No result","N/A"
"64741-99-7","No result","N/A"
"64742-01-4","No result","N/A"
"64742-03-6","No result","N/A"
"64742-04-7","No result","N/A"
"64742-05-8","No result","N/A"
"64742-07-0","No result","N/A"
"64742-10-5","No result","N/A"
"64742-11-6","No result","N/A"
"64742-14-9","No result","N/A"
"64742-14-9","No result","N/A"
"64742-16-1","No result","N/A"
"64742-18-3","No result","N/A"
"64742-19-4","No result","N/A"
"64742-22-9","No result","N/A"
"64742-23-0","No result","N/A"
"64742-29-6","No result","N/A"
"64742-30-9","No result","N/A"
"64742-31-0","No result","N/A"
"64742-31-0","No result","N/A"
"64742-34-3","No result","N/A"
"64742-35-4","No result","N/A"
"64742-37-6","No result","N/A"
"64742-38-7","No result","N/A"
"64742-42-3","No result","N/A"
"64742-43-4","No result","N/A"
"64742-44-5","No result","N/A"
"64742-46-7","No result","N/A"
"64742-47-8","No result","N/A"
"64742-47-8","No result","N/A"
"64742-47-8","No result","N/A"
"64742-48-9","No result","N/A"
"64742-48-9","No result","N/A"
"64742-49-0","No result","N/A"
"64742-49-0","No result","N/A"
"64742-49-0","No result","N/A"
"64742-51-4","No result","N/A"
"64742-52-5","No result","N/A"
"64742-53-6","No result","N/A"
"64742-54-7","No result","N/A"
"64742-55-8","No result","N/A"
"64742-56-9","No result","N/A"
"64742-57-0","No result","N/A"
"64742-58-1","No result","N/A"
"64742-59-2","No result","N/A"
"64742-59-2","No result","N/A"
"64742-60-5","No result","N/A"
"64742-61-6","No result","N/A"
"64742-62-7","No result","N/A"
"64742-63-8","No result","N/A"
"64742-65-0","No result","N/A"
"64742-67-2","No result","N/A"
"64742-70-7","No result","N/A"
"64742-71-8","No result","N/A"
"64742-72-9","No result","N/A"
"64742-73-0","No result","N/A"
"64742-73-0","No result","N/A"
"64742-78-5","No result","N/A"
"64742-78-5","No result","N/A"
"64742-79-6","No result","N/A"
"64742-80-9","No result","N/A"
"64742-80-9","No result","N/A"
"64742-80-9","No result","N/A"
"64742-81-0","No result","N/A"
"64742-81-0","No result","N/A"
"64742-82-1","No result","N/A"
"64742-83-2","No result","N/A"
"64742-83-2","No result","N/A"
"64742-83-2","No result","N/A"
"64742-83-2","No result","N/A"
"64742-83-2","No result","N/A"
"64742-85-4","No result","N/A"
"64742-86-5","No result","N/A"
"64742-86-5","No result","N/A"
"64742-87-6","No result","N/A"
"64742-88-7","No result","N/A"
"64742-88-7","No result","N/A"
"64742-89-8","No result","N/A"
"64742-90-1","No result","N/A"
"64742-91-2","No result","N/A"
"64742-93-4","No result","N/A"
"64742-94-5","No result","N/A"
"64742-94-5","No result","N/A"
"64742-95-6","No result","N/A"
"64742-96-7","No result","N/A"
"64742-96-7","No result","N/A"
"64742-98-9","No result","N/A"
"64743-00-6","No result","N/A"
"64743-01-7","No result","N/A"
"64743-05-1","No result","N/A"
"64754-89-8","No result","N/A"
"64754-93-4","No result","N/A"
"64754-95-6","No result","N/A"
"64755-01-7","No result","N/A"
"65086-85-3","WUEPKGQRDGYTSK-UHFFFAOYSA-N","0"
"65086-85-3","WUEPKGQRDGYTSK-UHFFFAOYSA-N","0"
"65143-89-7","DWBRKIMUGXLNBO-UHFFFAOYSA-N","0"
"65817-50-7","NINKGRYZTNGWOE-UHFFFAOYSA-N","0"
"65996-96-5","No result","N/A"
"65996-97-6","No result","N/A"
"65996-98-7","XMGQYMWWDOXHJM-UHFFFAOYSA-N","1"
"65996-99-8","No result","N/A"
"66071-92-9","No result","N/A"
"661-19-8","NOPFSRXAKWQILS-UHFFFAOYSA-N","1"
"66346-01-8","ILQGIJDYSLHIOX-UHFFFAOYSA-N","0"
"66455-17-2","MWKFXSUHUHTGQN-UHFFFAOYSA-N","1"
"6683-19-8","BGYHLZZASRKEJE-UHFFFAOYSA-N","0"
"67-64-1","CSCPPACGZOOCGX-UHFFFAOYSA-N","1"
"67-68-5","IAZDPXIOMUYVGZ-UHFFFAOYSA-N","1"
"67-68-5","IAZDPXIOMUYVGZ-UHFFFAOYSA-N","1"
"67124-09-8","XROXSXGRRMHJFJ-UHFFFAOYSA-N","0"
"67700-99-6","KCMTVIZYKDBFFS-UHFFFAOYSA-N","0"
"67762-25-8","BXWNKGSJHAJOGX-UHFFFAOYSA-N","1"
"67762-27-0","GOQYKNQRPGWPLP-UHFFFAOYSA-N","0"
"67762-30-5","BXWNKGSJHAJOGX-UHFFFAOYSA-N","1"
"67762-41-8","HLZKNKRTKFSKGZ-UHFFFAOYSA-N","1"
"67762-52-1","WZLRYEIJALOESF-UHFFFAOYSA-R","0"
"67762-53-2","KYHBJUCZZYAJIQ-UHFFFAOYSA-N","0"
"67762-55-4","No result","N/A"
"67762-77-0","ANPMHDUGFOMMJJ-UHFFFAOYSA-N","0"
"67762-79-2","CNNCFWUTUQLKNM-UHFFFAOYSA-N","0"
"67774-74-7","XBEADGFTLHRJRB-UHFFFAOYSA-N","0"
"67786-25-8","NTHKAJBKFNFLHL-WPYDVODASA-J","0"
"67891-79-6","No result","N/A"
"67891-79-6","No result","N/A"
"67891-80-9","No result","N/A"
"67891-80-9","No result","N/A"
"67989-23-5","XHDJYQWGFIBCEP-UHFFFAOYSA-N","0"
"67989-23-5","XHDJYQWGFIBCEP-UHFFFAOYSA-N","0"
"67989-24-6","VVEKMBGQZPFARL-UHFFFAOYSA-N","0"
"68002-64-2","WGXGAUQEMYSVJM-UHFFFAOYSA-N","0"
"68002-65-3","ZXPWFWWSCFIFII-UHFFFAOYSA-N","0"
"68002-79-9","No result","N/A"
"68002-94-8","No result","N/A"
"68037-91-2","PLZVEHJLHYMBBY-UHFFFAOYSA-N","0"
"68037-95-6","FJLUATLTXUNBOT-UHFFFAOYSA-N","0"
"68052-49-3","VYSDRTJTSAAZPP-UHFFFAOYSA-L","0"
"68081-77-6","No result","N/A"
"68122-86-1","No result","N/A"
"68122-86-1","No result","N/A"
"68130-51-8","No result","N/A"
"68130-53-0","QLFNMEAVIXLCHS-UHFFFAOYSA-N","0"
"68130-55-2","YCGWUEYSZNACHN-UHFFFAOYSA-N","0"
"68131-05-5","No result","N/A"
"68131-13-5","No result","N/A"
"68131-13-5","No result","N/A"
"68131-75-9","No result","N/A"
"68132-46-7","No result","N/A"
"68132-46-7","No result","N/A"
"68140-00-1","No result","N/A"
"68140-01-2","No result","N/A"
"68153-02-6","MVDGSHXQMOKTDJ-UHFFFAOYSA-N","0"
"68153-95-7","YDFFPEXFCAUTSL-UHFFFAOYSA-N","0"
"68154-36-9","No result","N/A"
"68155-00-0","YICJXYRVTBRLKS-FNORWQNLSA-N","0"
"68155-06-6","VJESJEJNMGVQLZ-UHFFFAOYSA-N","0"
"68155-20-4","No result","N/A"
"68155-38-4","BOJURNNKEFVIKV-MDZDMXLPSA-N","0"
"68187-58-6","No result","N/A"
"68187-58-6","No result","N/A"
"68187-60-0","No result","N/A"
"68227-46-3","HYNJGJWCXRMUIG-UHFFFAOYSA-N","0"
"68227-46-3","HYNJGJWCXRMUIG-UHFFFAOYSA-N","0"
"68307-98-2","No result","N/A"
"68307-99-3","No result","N/A"
"68308-02-1","No result","N/A"
"68308-03-2","No result","N/A"
"68308-04-3","No result","N/A"
"68308-05-4","No result","N/A"
"68308-06-5","No result","N/A"
"68308-08-7","No result","N/A"
"68308-09-8","No result","N/A"
"68308-10-1","No result","N/A"
"68308-11-2","No result","N/A"
"68308-12-3","No result","N/A"
"68308-27-0","No result","N/A"
"68333-22-2","No result","N/A"
"68333-22-2","No result","N/A"
"68333-23-3","No result","N/A"
"68333-23-3","No result","N/A"
"68333-25-5","No result","N/A"
"68333-26-6","No result","N/A"
"68333-26-6","No result","N/A"
"68333-27-7","No result","N/A"
"68333-27-7","No result","N/A"
"68333-29-9","No result","N/A"
"68333-80-2","HLZKNKRTKFSKGZ-UHFFFAOYSA-N","1"
"68333-88-0","GPTJTTCOVDDHER-UHFFFAOYSA-N","0"
"68333-88-0","GPTJTTCOVDDHER-UHFFFAOYSA-N","0"
"68334-13-4","No result","N/A"
"68334-18-9","No result","N/A"
"68334-30-5","No result","N/A"
"68334-30-5","No result","N/A"
"68334-30-5","No result","N/A"
"68334-40-7","No result","N/A"
"68390-96-5","SNMVRZFUUCLYTO-UHFFFAOYSA-N","0"
"68391-11-7","No result","N/A"
"68409-73-4","ZUOUZKKEUPVFJK-UHFFFAOYSA-N","1"
"68409-99-4","No result","N/A"
"68410-00-4","No result","N/A"
"68410-00-4","No result","N/A"
"68410-05-9","No result","N/A"
"68410-63-9","No result","N/A"
"68410-71-9","No result","N/A"
"68410-96-8","No result","N/A"
"68410-97-9","No result","N/A"
"68410-97-9","No result","N/A"
"68410-97-9","No result","N/A"
"68410-97-9","No result","N/A"
"68410-98-0","No result","N/A"
"68411-30-3","HUKUZKXWBQJYTO-UHFFFAOYSA-M","0"
"68411-32-5","NLIZZNXFRGDAMS-UHFFFAOYSA-N","0"
"68411-46-1","NRBLRTXFXBXILY-UHFFFAOYSA-N","0"
"68411-81-4","ZEYUSQVGRCPBPG-UHFFFAOYSA-N","0"
"68411-90-5","BTGRAWJCKBQKAO-UHFFFAOYSA-N","0"
"68412-04-4","HIGQPQRQIQDZMP-DHZHZOJOSA-N","1"
"68412-40-8","PVMNPAUTCMBOMO-UHFFFAOYSA-N","0"
"68424-31-7","No result","N/A"
"68424-34-0","No result","N/A"
"68425-31-0","No result","N/A"
"68425-34-3","No result","N/A"
"68425-47-8","No result","N/A"
"68442-68-2","DMBHHRLKUKUOEG-UHFFFAOYSA-N","1"
"68442-97-7","No result","N/A"
"68457-13-6","YJEUJARPQSLENW-UHFFFAOYSA-M","0"
"68457-74-9","No result","N/A"
"68475-57-0","VNWKTOKETHGBQD-UHFFFAOYSA-N","1"
"68475-58-1","OTMSDBZUPAUEDD-UHFFFAOYSA-N","1"
"68475-59-2","ATUOYWHBWRKTHZ-UHFFFAOYSA-N","1"
"68475-60-5","NNPPMTNAJDCUHE-UHFFFAOYSA-N","1"
"68475-70-7","No result","N/A"
"68475-79-6","No result","N/A"
"68475-80-9","No result","N/A"
"68476-26-6","No result","N/A"
"68476-27-7","No result","N/A"
"68476-28-8","No result","N/A"
"68476-29-9","No result","N/A"
"68476-30-2","No result","N/A"
"68476-30-2","No result","N/A"
"68476-31-3","No result","N/A"
"68476-32-4","No result","N/A"
"68476-32-4","No result","N/A"
"68476-33-5","No result","N/A"
"68476-33-5","No result","N/A"
"68476-34-6","No result","N/A"
"68476-40-4","No result","N/A"
"68476-42-6","IJDNQMDRQITEOD-UHFFFAOYSA-N","1"
"68476-43-7","OFBQJSOFQDEBGM-UHFFFAOYSA-N","1"
"68476-43-7","OFBQJSOFQDEBGM-UHFFFAOYSA-N","1"
"68476-44-8","VLKZOEOYAKHREP-UHFFFAOYSA-N","1"
"68476-44-8","VLKZOEOYAKHREP-UHFFFAOYSA-N","1"
"68476-45-9","No result","N/A"
"68476-45-9","No result","N/A"
"68476-46-0","No result","N/A"
"68476-49-3","No result","N/A"
"68476-50-6","No result","N/A"
"68476-52-8","No result","N/A"
"68476-52-8","No result","N/A"
"68476-53-9","No result","N/A"
"68476-54-0","No result","N/A"
"68476-55-1","OFBQJSOFQDEBGM-UHFFFAOYSA-N","1"
"68476-55-1","OFBQJSOFQDEBGM-UHFFFAOYSA-N","1"
"68476-56-2","RGSFGYAAUTVSQA-UHFFFAOYSA-N","0"
"68476-85-7","No result","N/A"
"68476-86-8","No result","N/A"
"68477-25-8","No result","N/A"
"68477-26-9","No result","N/A"
"68477-31-6","No result","N/A"
"68477-33-8","No result","N/A"
"68477-34-9","No result","N/A"
"68477-35-0","No result","N/A"
"68477-40-7","No result","N/A"
"68477-41-8","No result","N/A"
"68477-42-9","No result","N/A"
"68477-42-9","No result","N/A"
"68477-53-2","No result","N/A"
"68477-54-3","No result","N/A"
"68477-58-7","No result","N/A"
"68477-58-7","No result","N/A"
"68477-63-4","No result","N/A"
"68477-65-6","No result","N/A"
"68477-66-7","No result","N/A"
"68477-67-8","No result","N/A"
"68477-68-9","No result","N/A"
"68477-69-0","No result","N/A"
"68477-70-3","No result","N/A"
"68477-71-4","No result","N/A"
"68477-72-5","No result","N/A"
"68477-73-6","No result","N/A"
"68477-74-7","No result","N/A"
"68477-75-8","No result","N/A"
"68477-76-9","No result","N/A"
"68477-77-0","No result","N/A"
"68477-79-2","No result","N/A"
"68477-80-5","No result","N/A"
"68477-81-6","No result","N/A"
"68477-82-7","No result","N/A"
"68477-83-8","No result","N/A"
"68477-83-8","No result","N/A"
"68477-85-0","No result","N/A"
"68477-86-1","No result","N/A"
"68477-87-2","No result","N/A"
"68477-88-3","No result","N/A"
"68477-89-4","No result","N/A"
"68477-90-7","No result","N/A"
"68477-91-8","No result","N/A"
"68477-92-9","No result","N/A"
"68477-94-1","No result","N/A"
"68477-95-2","No result","N/A"
"68477-97-4","No result","N/A"
"68477-98-5","No result","N/A"
"68478-00-2","No result","N/A"
"68478-01-3","No result","N/A"
"68478-02-4","No result","N/A"
"68478-03-5","No result","N/A"
"68478-04-6","No result","N/A"
"68478-05-7","No result","N/A"
"68478-08-0","No result","N/A"
"68478-10-4","No result","N/A"
"68478-10-4","No result","N/A"
"68478-12-6","No result","N/A"
"68478-13-7","No result","N/A"
"68478-13-7","No result","N/A"
"68478-15-9","No result","N/A"
"68478-16-0","No result","N/A"
"68478-17-1","No result","N/A"
"68478-17-1","No result","N/A"
"68478-19-3","No result","N/A"
"68478-24-0","No result","N/A"
"68478-25-1","No result","N/A"
"68478-26-2","No result","N/A"
"68478-27-3","No result","N/A"
"68478-28-4","No result","N/A"
"68478-29-5","No result","N/A"
"68478-30-8","No result","N/A"
"68478-32-0","No result","N/A"
"68478-33-1","No result","N/A"
"68478-34-2","No result","N/A"
"68479-04-9","OMQFYSDZSLDVLL-UHFFFAOYSA-N","0"
"68479-04-9","OMQFYSDZSLDVLL-UHFFFAOYSA-N","0"
"68511-40-0","JCBFWZDDDTVBFC-UHFFFAOYSA-N","0"
"68511-40-0","JCBFWZDDDTVBFC-UHFFFAOYSA-N","0"
"68511-50-2","No result","N/A"
"68512-62-9","No result","N/A"
"68512-62-9","No result","N/A"
"68512-78-7","No result","N/A"
"68512-91-4","No result","N/A"
"68512-91-4","No result","N/A"
"68513-02-0","No result","N/A"
"68513-02-0","No result","N/A"
"68513-03-1","No result","N/A"
"68513-04-2","No result","N/A"
"68513-11-1","No result","N/A"
"68513-12-2","No result","N/A"
"68513-13-3","No result","N/A"
"68513-14-4","No result","N/A"
"68513-15-5","No result","N/A"
"68513-16-6","No result","N/A"
"68513-17-7","No result","N/A"
"68513-17-7","No result","N/A"
"68513-18-8","No result","N/A"
"68513-19-9","No result","N/A"
"68513-63-3","No result","N/A"
"68513-65-5","NNPPMTNAJDCUHE-UHFFFAOYSA-N","1"
"68513-66-6","No result","N/A"
"68513-68-8","No result","N/A"
"68513-68-8","No result","N/A"
"68513-69-9","No result","N/A"
"68514-15-8","No result","N/A"
"68514-31-8","IJDNQMDRQITEOD-UHFFFAOYSA-N","1"
"68514-32-9","XKWRJEBRBGIQBA-BISOHRNISA-N","0"
"68514-33-0","KUYWKHKXFXRJAP-MRYWSNOQSA-N","0"
"68514-34-1","No result","N/A"
"68514-36-3","No result","N/A"
"68514-38-5","APPOKADJQUIAHP-GGWOSOGESA-N","0"
"68514-39-6","No result","N/A"
"68514-41-0","DCKZDPOUHNXIBI-UHFFFAOYSA-N","0"
"68514-67-0","No result","N/A"
"68514-79-4","No result","N/A"
"68515-40-2","WHHSHXMIKFVAEK-UHFFFAOYSA-N","0"
"68515-41-3","KRGVDPMPDFERJD-UHFFFAOYSA-N","0"
"68515-43-5","MQIUGAXCHLFZKX-UHFFFAOYSA-N","1"
"68515-44-6","JQCXWCOOWVGKMT-UHFFFAOYSA-N","1"
"68515-45-7","DROMNWUQASBTFM-UHFFFAOYSA-N","0"
"68515-47-9","BCSGAWBQJHXXSE-UHFFFAOYSA-N","0"
"68515-48-0","HBGGXOJOCNVPFY-UHFFFAOYSA-N","1"
"68515-49-1","ZVFDTKUVRCTHQE-UHFFFAOYSA-N","1"
"68515-50-4","KCXZNSGUUQJJTR-UHFFFAOYSA-N","1"
"68515-81-1","No result","N/A"
"68515-88-8","FGXCXSMYCRNENC-UHFFFAOYSA-N","0"
"68516-01-8","KEZYTBRZEHSOTF-UHFFFAOYSA-N","0"
"68516-20-1","No result","N/A"
"68516-20-1","No result","N/A"
"68526-52-3","ZQDPJFUHLCOCRG-AATRIKPKSA-N","0"
"68526-52-3","ZQDPJFUHLCOCRG-AATRIKPKSA-N","0"
"68526-52-3","ZQDPJFUHLCOCRG-AATRIKPKSA-N","0"
"68526-53-4","ZGEGCLOFRBLKSE-UHFFFAOYSA-N","0"
"68526-54-5","KWKAKUADMBZCLK-UHFFFAOYSA-N","0"
"68526-55-6","JRZJOMJEPLMPRA-UHFFFAOYSA-N","0"
"68526-55-6","JRZJOMJEPLMPRA-UHFFFAOYSA-N","0"
"68526-56-7","FDBJNQUXZRDJHC-KQQUZDAGSA-N","0"
"68526-57-8","DCTOHCCUXLBQMS-UHFFFAOYSA-N","0"
"68526-58-9","CRSBERNSMYQZNG-UHFFFAOYSA-N","0"
"68526-77-2","No result","N/A"
"68526-79-4","PCWGTDULNUVNBN-UHFFFAOYSA-N","0"
"68526-83-0","BWDBEAQIHAEVLV-UHFFFAOYSA-N","0"
"68526-84-1","HXQPUEQDBSPXTE-UHFFFAOYSA-N","0"
"68526-85-2","PLLBRTOLHQQAQQ-UHFFFAOYSA-N","0"
"68526-86-3","XUJLWPFSUCHPQL-UHFFFAOYSA-N","0"
"68527-11-7","YWAKXRMUMFPDSH-UHFFFAOYSA-N","1"
"68527-13-9","No result","N/A"
"68527-14-0","No result","N/A"
"68527-15-1","No result","N/A"
"68527-16-2","ATUOYWHBWRKTHZ-UHFFFAOYSA-N","1"
"68527-18-4","No result","N/A"
"68527-19-5","No result","N/A"
"68527-19-5","No result","N/A"
"68527-19-5","No result","N/A"
"68527-21-9","No result","N/A"
"68527-23-1","No result","N/A"
"68527-24-2","No result","N/A"
"68527-26-4","No result","N/A"
"68527-26-4","No result","N/A"
"68527-27-5","No result","N/A"
"68551-07-5","LQZZUXJYWNFBMV-UHFFFAOYSA-N","1"
"68551-19-9","HGEMCUOAMCILCP-UHFFFAOYSA-N","0"
"68551-19-9","HGEMCUOAMCILCP-UHFFFAOYSA-N","0"
"68551-20-2","KUVMKLCGXIYSNH-UHFFFAOYSA-N","0"
"68551-20-2","KUVMKLCGXIYSNH-UHFFFAOYSA-N","0"
"68553-00-4","No result","N/A"
"68553-00-4","No result","N/A"
"68553-14-0","WHDOBXLBYBWVMQ-BYYHNAKLSA-N","0"
"68583-52-8","HHLJUSLZGFYWKW-UHFFFAOYSA-N","0"
"68584-26-9","LLJYIXBAOHKWRU-UHFFFAOYSA-L","0"
"68602-79-9","No result","N/A"
"68602-79-9","No result","N/A"
"68602-82-4","No result","N/A"
"68602-83-5","No result","N/A"
"68602-83-5","No result","N/A"
"68602-84-6","No result","N/A"
"68602-85-7","No result","N/A"
"68603-00-9","No result","N/A"
"68603-01-0","No result","N/A"
"68603-02-1","No result","N/A"
"68603-03-2","No result","N/A"
"68603-08-7","No result","N/A"
"68603-10-1","No result","N/A"
"68603-11-2","No result","N/A"
"68603-11-2","No result","N/A"
"68603-12-3","No result","N/A"
"68603-15-6","KBPLFHHGFOOTCA-UHFFFAOYSA-N","1"
"68603-42-9","No result","N/A"
"68606-10-0","No result","N/A"
"68606-11-1","No result","N/A"
"68606-24-6","No result","N/A"
"68606-24-6","No result","N/A"
"68606-25-7","OTMSDBZUPAUEDD-UHFFFAOYSA-N","1"
"68606-26-8","QQONPFPTGQHPMA-UHFFFAOYSA-N","1"
"68606-26-8","QQONPFPTGQHPMA-UHFFFAOYSA-N","1"
"68606-27-9","No result","N/A"
"68606-28-0","LIFPLABERBHBGF-UHFFFAOYSA-N","0"
"68606-29-1","No result","N/A"
"68606-31-5","No result","N/A"
"68606-34-8","No result","N/A"
"68606-36-0","No result","N/A"
"68607-11-4","No result","N/A"
"68607-30-7","No result","N/A"
"68607-30-7","No result","N/A"
"68608-77-5","CJFAGAXJFSYDLE-UHFFFAOYSA-N","0"
"68608-80-0","LIXVMPBOGDCSRM-UHFFFAOYSA-N","0"
"68608-80-0","LIXVMPBOGDCSRM-UHFFFAOYSA-N","0"
"68608-88-8","IMRAQEPVUVPOHG-UHFFFAOYSA-N","0"
"68609-97-2","CKNWGKWITWNVEY-UHFFFAOYSA-N","0"
"68610-51-5","ZWHANXMMZRUTAY-UHFFFAOYSA-N","0"
"68611-44-9","No result","N/A"
"6863-58-7","HHBZZTKMMLDNDN-UHFFFAOYSA-N","0"
"68647-72-3","No result","N/A"
"68648-28-2","No result","N/A"
"68648-87-3","MCVUKOYZUCWLQQ-UHFFFAOYSA-N","0"
"68648-93-1","MXIGALIASISPNU-UHFFFAOYSA-N","0"
"68649-12-7","No result","N/A"
"68649-43-4","XYKOFBRSFFWOSJ-UHFFFAOYSA-N","0"
"6876-13-7","XOKSLPVRUOBDEW-UHFFFAOYSA-N","0"
"68783-05-1","No result","N/A"
"68783-06-2","No result","N/A"
"68783-07-3","No result","N/A"
"68783-08-4","No result","N/A"
"68783-08-4","No result","N/A"
"68783-10-8","No result","N/A"
"68783-11-9","No result","N/A"
"68783-12-0","No result","N/A"
"68783-13-1","No result","N/A"
"68783-13-1","No result","N/A"
"68783-24-4","No result","N/A"
"68783-36-8","No result","N/A"
"68783-61-9","No result","N/A"
"68783-62-0","No result","N/A"
"68783-64-2","No result","N/A"
"68783-65-3","No result","N/A"
"68783-66-4","No result","N/A"
"68784-17-8","CDCSRZWJRXOXLQ-UHFFFAOYSA-N","0"
"68784-30-5","ZOFKILBUPMQWLE-UHFFFAOYSA-N","0"
"68784-32-7","MMNHBJSAJAQAQT-UHFFFAOYSA-N","0"
"68784-38-3","ZINQYRQLEDIWQS-UHFFFAOYSA-N","0"
"68784-70-3","No result","N/A"
"68814-47-1","No result","N/A"
"68814-67-5","No result","N/A"
"68814-87-9","No result","N/A"
"68814-90-4","No result","N/A"
"68814-95-9","ZQJAONQEOXOVNR-UHFFFAOYSA-N","0"
"68855-34-5","YJLNTCJSWRQHMW-UHFFFAOYSA-L","0"
"68855-58-3","AFFLGGQVNFXPEV-UHFFFAOYSA-N","0"
"68855-59-4","GQEZCXVZFLOKMC-UHFFFAOYSA-N","1"
"68855-60-7","CCCMONHAUSKTEQ-UHFFFAOYSA-N","1"
"689-11-2","CNWSQCLBDWYLAN-UHFFFAOYSA-N","0"
"68909-18-2","NBNVYJFZJWMHPR-UHFFFAOYSA-M","0"
"6891-44-7","OEHAYUOVELTAPG-UHFFFAOYSA-N","0"
"68910-87-2","No result","N/A"
"68910-93-0","No result","N/A"
"68911-58-0","No result","N/A"
"68911-59-1","No result","N/A"
"68915-38-8","No result","N/A"
"68915-38-8","No result","N/A"
"68915-96-8","No result","N/A"
"68915-97-9","No result","N/A"
"68918-73-0","No result","N/A"
"68918-98-9","No result","N/A"
"68918-99-0","No result","N/A"
"68919-00-6","No result","N/A"
"68919-01-7","No result","N/A"
"68919-02-8","No result","N/A"
"68919-03-9","No result","N/A"
"68919-04-0","No result","N/A"
"68919-05-1","No result","N/A"
"68919-06-2","No result","N/A"
"68919-07-3","No result","N/A"
"68919-08-4","No result","N/A"
"68919-10-8","No result","N/A"
"68919-12-0","No result","N/A"
"68919-15-3","No result","N/A"
"68919-15-3","No result","N/A"
"68919-16-4","No result","N/A"
"68919-19-7","No result","N/A"
"68919-20-0","No result","N/A"
"68919-37-9","No result","N/A"
"68919-39-1","No result","N/A"
"68920-06-9","No result","N/A"
"68921-08-4","No result","N/A"
"68921-09-5","No result","N/A"
"68921-45-9","No result","N/A"
"68921-67-5","No result","N/A"
"68921-67-5","No result","N/A"
"68937-41-7","ANVREEJNGJMLOV-UHFFFAOYSA-N","0"
"68938-00-1","No result","N/A"
"68938-79-4","ZEMKCDHZMTZUKJ-UHFFFAOYSA-N","0"
"68938-80-7","CNPVKAQKASIASK-UHFFFAOYSA-N","0"
"68938-81-8","OKTIHTLOYFRBTK-UHFFFAOYSA-M","0"
"68952-76-1","No result","N/A"
"68952-79-4","No result","N/A"
"68952-81-8","No result","N/A"
"68952-82-9","No result","N/A"
"68953-36-6","No result","N/A"
"68953-70-8","No result","N/A"
"68953-84-4","No result","N/A"
"68953-96-8","MJDRWFNUPPHITA-UHFFFAOYSA-L","0"
"68955-27-1","No result","N/A"
"68955-27-1","No result","N/A"
"68955-28-2","No result","N/A"
"68955-28-2","No result","N/A"
"68955-28-2","No result","N/A"
"68955-28-2","No result","N/A"
"68955-29-3","No result","N/A"
"68955-29-3","No result","N/A"
"68955-33-9","No result","N/A"
"68955-34-0","No result","N/A"
"68955-35-1","No result","N/A"
"68955-35-1","No result","N/A"
"68955-96-4","No result","N/A"
"68956-48-9","No result","N/A"
"68956-52-5","UHOVQNZJYSORNB-UHFFFAOYSA-N","1"
"68956-54-7","IAQRGUVFOMOMEM-ONEGZZNKSA-N","0"
"68956-54-7","IAQRGUVFOMOMEM-ONEGZZNKSA-N","0"
"68956-55-8","QMMOXUPEWRXHJS-HWKANZROSA-N","0"
"68956-56-9","PFNFFQXMRSDOHW-UHFFFAOYSA-N","1"
"68956-70-7","No result","N/A"
"68956-70-7","No result","N/A"
"68989-41-3","No result","N/A"
"68989-88-8","No result","N/A"
"68990-21-6","No result","N/A"
"68991-52-6","ADOQBZAVKYCFOI-HWKANZROSA-N","0"
"69013-21-4","No result","N/A"
"69013-21-4","No result","N/A"
"69045-78-9","VLJIVLGVKMTBOD-UHFFFAOYSA-N","0"
"69103-05-5","No result","N/A"
"693-33-4","TYIOVYZMKITKRO-UHFFFAOYSA-N","0"
"693-36-7","PWWSSIYVTQUJQQ-UHFFFAOYSA-N","0"
"69430-33-7","ATUOYWHBWRKTHZ-UHFFFAOYSA-N","1"
"70024-57-6","WAZOXQOFCQKLFT-UHFFFAOYSA-N","0"
"70024-85-0","No result","N/A"
"70191-75-2","QAZIIHALQMWVHX-UHFFFAOYSA-N","0"
"7023-61-2","KCAQGUXPIKJXTQ-ANVLNOONSA-L","0"
"70321-86-7","OLFNXLXEGXRUOI-UHFFFAOYSA-N","0"
"70592-76-6","No result","N/A"
"70592-76-6","No result","N/A"
"70592-77-7","No result","N/A"
"70592-77-7","No result","N/A"
"70592-78-8","No result","N/A"
"70592-78-8","No result","N/A"
"70592-79-9","No result","N/A"
"70592-79-9","No result","N/A"
"70729-68-9","SSKNCQWPZQCABD-UHFFFAOYSA-N","0"
"7085-85-0","FGBJXOREULPLGL-UHFFFAOYSA-N","0"
"70851-07-9","No result","N/A"
"70913-85-8","No result","N/A"
"70913-85-8","No result","N/A"
"70914-20-4","ZVHAANQOQZVVFD-UHFFFAOYSA-N","0"
"70942-01-7","BOFQFAVPCLYEPB-YHPRVSEPSA-L","0"
"70955-08-7","ATUOYWHBWRKTHZ-UHFFFAOYSA-N","1"
"70955-17-8","YNQLUTRBYVCPMQ-UHFFFAOYSA-N","1"
"70955-17-8","YNQLUTRBYVCPMQ-UHFFFAOYSA-N","1"
"70983-72-1","No result","N/A"
"71-43-2","UHOVQNZJYSORNB-UHFFFAOYSA-N","1"
"71-43-2","UHOVQNZJYSORNB-UHFFFAOYSA-N","1"
"71-43-2","UHOVQNZJYSORNB-UHFFFAOYSA-N","1"
"71243-68-0","No result","N/A"
"71329-37-8","No result","N/A"
"7173-51-5","RUPBZQFQVRMKDG-UHFFFAOYSA-M","1"
"7173-62-8","TUFJPPAQOXUHRI-UHFFFAOYSA-N","0"
"71808-30-5","No result","N/A"
"71820-35-4","No result","N/A"
"71839-38-8","FUHPNXVHTFTPPR-UONOGXRCSA-N","0"
"71888-89-6","RKELNIPLHQEBJO-UHFFFAOYSA-N","0"
"72162-15-3","No result","N/A"
"72162-23-3","UZBYPWNLBMIQCC-UHFFFAOYSA-N","0"
"72252-48-3","VAZYMILEEQHBII-UHFFFAOYSA-M","0"
"72623-72-4","No result","N/A"
"72623-83-7","No result","N/A"
"72623-84-8","No result","N/A"
"72623-85-9","No result","N/A"
"72623-86-0","No result","N/A"
"72623-87-1","No result","N/A"
"72624-02-3","KNDDEFBFJLKPFE-UHFFFAOYSA-N","1"
"72749-55-4","WOYHHGFPRAERNF-UHFFFAOYSA-M","0"
"732-26-3","PFEFOYRSMXVNEL-UHFFFAOYSA-N","0"
"7336-20-1","YAKFHPREDNNSFX-SEPHDYHBSA-L","0"
"7396-58-9","ATBNMWWDBWBAHM-UHFFFAOYSA-N","0"
"74-82-8","VNWKTOKETHGBQD-UHFFFAOYSA-N","1"
"74-84-0","OTMSDBZUPAUEDD-UHFFFAOYSA-N","1"
"74-84-0","OTMSDBZUPAUEDD-UHFFFAOYSA-N","1"
"74-85-1","VGGSQFUCUMXWEO-UHFFFAOYSA-N","1"
"74-85-1","VGGSQFUCUMXWEO-UHFFFAOYSA-N","1"
"74-86-2","HSFWRNGVRCDJHI-UHFFFAOYSA-N","1"
"74-93-1","LSDPWZHWYPCBBB-UHFFFAOYSA-N","1"
"74-95-3","FJBFPHVGVWTDIP-UHFFFAOYSA-N","0"
"74-96-4","RDHPKYGYEGBMSE-UHFFFAOYSA-N","1"
"74-98-6","ATUOYWHBWRKTHZ-UHFFFAOYSA-N","1"
"74-98-6","ATUOYWHBWRKTHZ-UHFFFAOYSA-N","1"
"7434-40-4","GCDUWJFWXVRGSM-UHFFFAOYSA-N","0"
"75-02-5","XUCNUKMRBVNAPB-UHFFFAOYSA-N","0"
"75-08-1","DNJIEGIFACGWOD-UHFFFAOYSA-N","1"
"75-28-5","NNPPMTNAJDCUHE-UHFFFAOYSA-N","1"
"75-28-5","NNPPMTNAJDCUHE-UHFFFAOYSA-N","1"
"75-52-5","LYGJENNIWJXYER-UHFFFAOYSA-N","1"
"75-97-8","PJGSXYOJTGTZAV-UHFFFAOYSA-N","0"
"75782-86-4","LQZZUXJYWNFBMV-UHFFFAOYSA-N","1"
"7585-41-3","BNZLJNRQXPJPJY-ANVLNOONSA-L","0"
"76-13-1","AJDIZQLSFPQPEY-UHFFFAOYSA-N","0"
"76-14-2","DDMOUSALMHHKOS-UHFFFAOYSA-N","1"
"76-39-1","HEBKCHPVOIAQTA-UHFFFAOYSA-N","1"
"7620-77-1","FPLIHVCWSXLMPX-UHFFFAOYSA-M","0"
"763-69-9","BHXIWUJLHYHGSJ-UHFFFAOYSA-N","0"
"7664-38-2","NBIIXXVUZAFLBC-UHFFFAOYSA-N","1"
"7664-41-7","QGZKDVFQNNGYKY-UHFFFAOYSA-N","1"
"77-71-4","YIROYDNZEPTFOL-UHFFFAOYSA-N","0"
"77-73-6","HECLRDQVFMWTQS-UHFFFAOYSA-N","1"
"77-79-2","WOUWWZYKGYDVMI-PHFNMVBRSA-N","1"
"77-86-1","LENZDBCJOHFCAS-UHFFFAOYSA-N","1"
"77-90-7","QZCLKYGREBVARF-UHFFFAOYSA-N","0"
"7783-06-4","RWSOTUBLDIXVET-UHFFFAOYSA-N","1"
"7785-26-4","GRWFGVWFFZKLTI-UHFFFAOYSA-N","1"
"7786-17-6","XQESJWNDTICJHW-UHFFFAOYSA-N","0"
"78-42-2","GTVWRXDRKAHEAD-UHFFFAOYSA-N","0"
"78-69-3","DLHQZZUEERVIGQ-UHFFFAOYSA-N","0"
"78-70-6","CDOSHBSSFJOMGT-SNVBAGLBSA-N","1"
"78-78-4","QWTDNUCVQCZILF-UHFFFAOYSA-N","0"
"78-79-5","RRHGJUQNOFWUDK-UHFFFAOYSA-N","1"
"79-04-9","VGCXGMAHQTYDJK-UHFFFAOYSA-N","1"
"79-06-1","HRPVXLWXLXDGHG-UHFFFAOYSA-N","1"
"79-14-1","AEMRFAOFKBGASW-UHFFFAOYSA-N","1"
"79-24-3","MCSAJNNLRCFZED-UHFFFAOYSA-N","1"
"79-46-9","FGLBSLMDCBOPQK-UHFFFAOYSA-N","1"
"79-46-9","FGLBSLMDCBOPQK-UHFFFAOYSA-N","1"
"79-92-5","CRPUJAZIXJMDBK-UHFFFAOYSA-N","1"
"79-96-9","ZDRSNHRWLQQICP-UHFFFAOYSA-N","0"
"793-24-8","ZZMVLMVFYMGSMY-UHFFFAOYSA-N","0"
"80-26-2","IGODOXYLBBXFDW-UHFFFAOYSA-N","1"
"80-46-6","NRZWYNLTFLDQQX-UHFFFAOYSA-N","1"
"80-56-8","GRWFGVWFFZKLTI-UHFFFAOYSA-N","1"
"8001-79-4","No result","N/A"
"8002-05-9","No result","N/A"
"8002-05-9","No result","N/A"
"8002-09-3","No result","N/A"
"8002-74-2","No result","N/A"
"8006-14-2","No result","N/A"
"8006-61-9","No result","N/A"
"8006-61-9","No result","N/A"
"8006-64-2","No result","N/A"
"8007-24-7","No result","N/A"
"8007-24-7","No result","N/A"
"8007-43-0","CUNWUEBNSZSNRX-RKGWDQTMSA-N","1"
"8008-20-6","No result","N/A"
"8008-20-6","No result","N/A"
"8008-57-9","No result","N/A"
"8009-03-8","No result","N/A"
"8030-30-6","UHOVQNZJYSORNB-UHFFFAOYSA-N","1"
"8030-30-6","UHOVQNZJYSORNB-UHFFFAOYSA-N","1"
"8042-47-5","No result","N/A"
"8051-30-7","No result","N/A"
"8052-42-4","No result","N/A"
"81-11-8","REJHVSOVQBJEBF-OWOJBTEDSA-N","0"
"84-15-1","OIAQMFOKAXHPNH-UHFFFAOYSA-N","0"
"84-66-2","FLKPEMZONWLCSK-UHFFFAOYSA-N","1"
"84-74-2","DOIRQSBPFJWKBE-UHFFFAOYSA-N","1"
"84-75-3","KCXZNSGUUQJJTR-UHFFFAOYSA-N","1"
"84-77-5","PGIBJVOPLXHHGS-UHFFFAOYSA-N","1"
"84605-20-9","No result","N/A"
"84605-28-7","UAXMPVJRTGNEPS-SECBINFHSA-N","0"
"84605-29-8","ZLJYMIJYVMPKAH-UHFFFAOYSA-L","0"
"84852-15-3","IGFHQQFPSIBGKE-UHFFFAOYSA-N","1"
"85-42-7","MUTGBJKUEZFXGO-UHFFFAOYSA-N","0"
"85-43-8","KMOUUZVZFBCRAM-UHFFFAOYSA-N","0"
"85-44-9","LGRFSURHDFAFJT-UHFFFAOYSA-N","0"
"85-60-9","PFANXOISJYKQRP-UHFFFAOYSA-N","0"
"85-68-7","IRIAEXORFWYRCZ-UHFFFAOYSA-N","1"
"85049-37-2","No result","N/A"
"85507-79-5","QQVHEQUEHCEAKS-UHFFFAOYSA-N","0"
"85566-14-9","No result","N/A"
"86290-81-5","No result","N/A"
"86290-81-5","No result","N/A"
"87-90-1","YRIZYWQGELRKNT-UHFFFAOYSA-N","0"
"87-90-1","YRIZYWQGELRKNT-UHFFFAOYSA-N","0"
"88-18-6","WJQOZHYUIDYNHM-UHFFFAOYSA-N","1"
"88-44-8","LTPSRQRIPCVMKQ-UHFFFAOYSA-N","0"
"88-51-7","VRLPHBSFRWMMPW-UHFFFAOYSA-N","0"
"88-53-9","VYZCFAPUHSSYCC-UHFFFAOYSA-N","0"
"88-73-3","BFCFYVKQTRLZHA-UHFFFAOYSA-N","1"
"88-74-4","DPJCXCZTLWNFOH-UHFFFAOYSA-N","0"
"89-72-5","NGFPWHGISWUQOI-UHFFFAOYSA-N","1"
"89347-09-1","RKOCHKKOBGOQPN-UHFFFAOYSA-N","0"
"90-30-2","XQVWYOYUZDUNRW-UHFFFAOYSA-N","1"
"9005-90-7","No result","N/A"
"91-66-7","FOYHNROGBXVLLX-UHFFFAOYSA-N","1"
"91125-43-8","QSKQNALVHFTOQX-UHFFFAOYSA-M","0"
"92-06-8","YJTKZCDBKVTVBY-UHFFFAOYSA-N","0"
"92-15-9","KYYRTDXOHQYZPO-UHFFFAOYSA-N","0"
"92-94-4","XJKSTNDFUHDPQJ-UHFFFAOYSA-N","0"
"92045-58-4","No result","N/A"
"924-42-5","CNCOEDDPFOAUMB-UHFFFAOYSA-N","1"
"93-58-3","QPJVMBTYPHYUOC-UHFFFAOYSA-N","1"
"93-83-4","LPMBTLLQQJBUOO-UHFFFAOYSA-N","0"
"93762-80-2","RMTVKKKRDAWJCP-RHYUXORRSA-N","0"
"93924-10-8","VAMFXQBUQXONLZ-UHFFFAOYSA-N","1"
"93924-11-9","OMXANELYEWRDAW-UHFFFAOYSA-N","0"
"94-28-0","FRQDZJMEHSJOPU-UHFFFAOYSA-N","0"
"95-16-9","IOJUPLGTWVMSFF-UHFFFAOYSA-N","0"
"95-32-9","QRYFCNPYGUORTK-UHFFFAOYSA-N","0"
"95-48-7","QWVGKYWNOKOFNN-UHFFFAOYSA-N","1"
"95-53-4","RNVCVTLRINQCPJ-UHFFFAOYSA-N","1"
"95-65-8","YCOXTKKNXUZSKD-UHFFFAOYSA-N","1"
"95-87-4","NKTOLZVEWDHZMU-UHFFFAOYSA-N","1"
"96-48-0","YEJRWHAVMIAJKC-UHFFFAOYSA-N","1"
"96-49-1","KMTRUDSVKNLOMY-UHFFFAOYSA-N","1"
"96-69-5","YGGTVPCTAKYCSQ-UHFFFAOYSA-N","0"
"96-76-4","ICKWICRCANNIBI-UHFFFAOYSA-N","0"
"960-71-4","MXSVLWZRHLXFKH-UHFFFAOYSA-N","0"
"97-74-5","REQPQFUJGGOFQL-UHFFFAOYSA-N","0"
"97-77-8","AUZONCFQVSMFAP-UHFFFAOYSA-N","1"
"98-54-4","QHPQWRBYOIRBIT-UHFFFAOYSA-N","1"
"98-55-5","WUOACPNHFRMFPN-UHFFFAOYSA-N","1"
"98-82-8","RWGFKTVRMDUZSP-UHFFFAOYSA-N","1"
"98-83-9","XYLMUPLGERFSHI-UHFFFAOYSA-N","1"
"98-88-4","PASDCCFISLVPSO-UHFFFAOYSA-N","0"
"99-08-1","QZYHIOPPLUPUJF-UHFFFAOYSA-N","1"
"99-51-4","HFZKOYWDLDYELC-UHFFFAOYSA-N","0"
"99-62-7","UNEATYXSUBPPKP-UHFFFAOYSA-N","0"
"99-71-8","ZUTYZAFDFLLILI-UHFFFAOYSA-N","1"
"99-75-2","ZWLPBLYKEWSWPD-UHFFFAOYSA-M","1"
"99-87-6","HFPZCAJZSCWRBC-UHFFFAOYSA-N","1"
"99-87-6","HFPZCAJZSCWRBC-UHFFFAOYSA-N","1"
"99-97-8","GYVGXEWAOAAJEU-UHFFFAOYSA-N","0"