"","inchikey","compound_id","name","exactmass","precursorMz","accession"
"1","AAPVQEMYVNZIOO-UHFFFAOYSA-N","CMP39729","Endosulfan sulfate",419.811795752,418.8045,"T3D0055"
"7","AFCGFAGUEYAMAO-UHFFFAOYSA-N","CMP03540","Acamprosate",181.040878832,180.0336,"T3D2853"
"21","AKPLHCDWDRPJGD-UHFFFAOYSA-N","CMP04707","Nordiazepam",270.055990652,269.0487,"T3D4588"
"29","AMRQXHFXNZFDCH-UHFFFAOYSA-N","CMP02190","Carbetamide",236.116092372,235.1088,"T3D0943"
"42","AOJJSUZBOXZQNB-TZSSRYMLSA-N","CMP14794","Doxorubicin",543.174060748,542.1667,"T3D2953"
"43","AOJJSUZBOXZQNB-TZSSRYMLSA-N","CMP15461","Doxorubicin",543.174060748,542.165,"T3D2953"
"44","AOJJSUZBOXZQNB-VTZDEGQISA-N","CMP15470","Epirubicin",543.174060748,542.1633,"T3D2791"
"45","AOJJSUZBOXZQNB-VTZDEGQISA-N","CMP14804","Epirubicin",543.174060748,542.1665,"T3D2791"
"46","AQIXAKUUQRKLND-UHFFFAOYSA-N","CMP05078","Cimetidine",252.115715512,251.1084,"T3D2810"
"47","AQIXAKUUQRKLND-UHFFFAOYSA-N","CMP05980","Cimetidine",252.115715512,251,"T3D2810"
"64","AUYYCJSJGJYCDS-LBPRGKRZSA-N","CMP07352","3,3',5-Triiodothyronine",650.790051864,650,"T3D4759"
"65","AUYYCJSJGJYCDS-LBPRGKRZSA-N","CMP40045","3,5,3'-Triiodothyronine",650.790051864,649.7828,"T3D4759"
"75","BACYUWVYYTXETD-UHFFFAOYSA-N","CMP39995","N-Dodecanoyl-N-methylglycine",271.214743788,270.2075,"T3D3622"
"81","BEJNERDRQOWKJM-UHFFFAOYSA-N","CMP09035","Kojic acid",142.026608672,141.0193,"T3D3769"
"82","BIXZHMJUSMUDOQ-UHFFFAOYSA-N","CMP38664","Dicloran",205.964982728,204.9577,"T3D3823"
"83","BIXZHMJUSMUDOQ-UHFFFAOYSA-N","CMP06028","2,6-Dichloro-4-nitroaniline",205.964982728,205,"T3D3823"
"91","BJIOGJUNALELMI-ONEGZZNKSA-N","CMP45102","ISOEUGENOL",164.083729624,163.0764536,"T3D4880"
"95","BLFLLBZGZJTVJG-UHFFFAOYSA-N","CMP44963","ETHYL 4-AMINOBENZOIC ACID",165.078978592,164.0717026,"T3D2980"
"99","BPRHUIZQVSMCRT-VEUZHWNKSA-N","CMP03420","Rosuvastatin",481.168284836,480.161,"T3D2680"
"113","BSYNRYMUTXBXSQ-UHFFFAOYSA-N","CMP04615","Aspirin",180.042258736,179.035,"T3D2936"
"114","BSYNRYMUTXBXSQ-UHFFFAOYSA-N","CMP15032","O-Acetylsalicylic acid",180.042258736,179.0342,"T3D2936"
"125","BTJIUGUIPKRLHP-UHFFFAOYSA-N","CMP41355","4-Nitrophenol",139.02694302,138.0197,"T3D0257"
"128","BTJIUGUIPKRLHP-UHFFFAOYSA-N","CMP14632","4-Nitrophenol",139.02694302,138.0186,"T3D0257"
"131","BTJIUGUIPKRLHP-UHFFFAOYSA-N","CMP15325","4-Nitrophenol",139.02694302,138.0207,"T3D0257"
"149","BXZVVICBKDXVGW-NKWVEPMBSA-N","CMP04062","Didanosine",236.090940244,235.0837,"T3D4786"
"153","BXZVVICBKDXVGW-NKWVEPMBSA-N","CMP14520","2',3'-Dideoxyinosine",236.090940244,235.0831,"T3D4786"
"157","BZNDWPRGXNILMS-VQHVLOKHSA-N","CMP41639","Propetamphos",281.08506575,280.0778,"T3D3909"
"160","CABMTIJINOIHOD-UHFFFAOYSA-N","CMP05054","Imazaquin",311.126991404,310.1197,"T3D3863"
"174","CDAWCLOXVUBKRW-UHFFFAOYSA-N","CMP42636","2-Aminophenol; LC-tDDA; CE10",109.052763844,108.045486450195,"T3D3599"
"176","CEUORZQYGODEFX-UHFFFAOYSA-N","CMP15387","Aripiprazole",447.148032464,446.1383,"T3D2677"
"177","CGIGDMFJXJATDK-UHFFFAOYSA-N","CMP02390","Indomethacin",357.076785672,356.0695,"T3D2753"
"187","CGIGDMFJXJATDK-UHFFFAOYSA-N","CMP15553","Indomethacin",357.076785672,356.0681,"T3D2753"
"192","CGIGDMFJXJATDK-UHFFFAOYSA-N","CMP14892","Indomethacin",357.076785672,356.0692,"T3D2753"
"193","CQIUKKVOEOPUDV-IYSWYEEDSA-N","CMP36358","Citrinin",250.084123548,249.0765,"T3D3597"
"196","CTRLABGOLIVAIY-UHFFFAOYSA-N","CMP12362","2-Hydroxycarbamazepine",252.089877624,251.0826,"T3D2887"
"197","CTSLUCNDVMMDHG-UHFFFAOYSA-N","CMP02586","Bromacil",260.016039756,259.0088,"T3D3801"
"217","CVXBEEMKQHEXEN-UHFFFAOYSA-N","CMP03855","Carbaryl",201.078978592,200.0717,"T3D0940"
"223","CXOFVDLJLONNDW-UHFFFAOYSA-N","CMP40672","5,5-Diphenylhydantoin",252.089877624,251.0826,"T3D2728"
"241","DBVJJBKOTRCVKF-UHFFFAOYSA-N","CMP06148","Etidronate",205.974525856,205,"T3D3483"
"246","DCOPUUMXTXDBNB-UHFFFAOYSA-N","CMP08906","Diclofenac",295.016683952,294.0094,"T3D4729"
"253","DCOPUUMXTXDBNB-UHFFFAOYSA-N","CMP06104","Diclofenac",295.016683952,294,"T3D4729"
"280","DCOPUUMXTXDBNB-UHFFFAOYSA-N","CMP15449","Diclofenac",295.016683952,294.0106,"T3D4729"
"281","DDBREPKUVSBGFI-UHFFFAOYSA-N","CMP41006","Phenobarbital",232.084792244,231.0775,"T3D3006"
"288","DMSMPAJRVJJAGA-UHFFFAOYSA-N","CMP39072","1,2-Benzisothiazolin-3-one",151.00918478,150.0019,"T3D4861"
"298","DNUAYCRATWAJQE-UHFFFAOYSA-N","CMP38677","Flufenpyr-ethyl",408.049997456,407.0427,"T3D3844"
"304","DNXHEGUUPJUMQT-CBZIJGRNSA-N","CMP42989","Estrone; LC-tDDA; CE40",270.161979944,269.154693603516,"T3D4746"
"307","DNXHEGUUPJUMQT-CBZIJGRNSA-N","CMP15473","Estrone",270.161979944,269.1529,"T3D4746"
"310","DNXHEGUUPJUMQT-CBZIJGRNSA-N","CMP14808","Estrone",270.161979944,269.1536,"T3D4746"
"320","DOIRQSBPFJWKBE-UHFFFAOYSA-N","CMP04908","Di-n-butyl phthalate",278.151809184,277.1445,"T3D0052"
"329","DQFPEYARZIQXRM-LTGZKZEYSA-N","CMP26712","Tralkoxydim (isomer1)",329.199093724,328.4,"T3D3935"
"335","DUEPRVBVGDRKAG-UHFFFAOYSA-N","CMP40251","Carbofuran",221.10519334,220.0979,"T3D0944"
"341","DXGLGDHPHMLXJC-UHFFFAOYSA-N","CMP40156","2-Hydroxy-4-methoxybenzophenone",228.078644244,227.0714,"T3D4807"
"347","DZKIUEHLEXLYKM-UHFFFAOYSA-N","CMP14662","9-Phenanthrenol",194.07316494,193.0653,"T3D4991"
"348","FBOZXECLQNJBKD-ZDUSSCGKSA-N","CMP15607","Methotrexate",454.171315804,453.1584,"T3D2486"
"349","FBOZXECLQNJBKD-ZDUSSCGKSA-N","CMP14954","Methotrexate",454.171315804,453.1634,"T3D2486"
"350","FEWJPZIEWOKRBE-JCYAYHJZSA-N","CMP07338","Tartarate",150.016437912,149,"T3D4872"
"353","FEWJPZIEWOKRBE-JCYAYHJZSA-N","CMP44020","TARTARIC ACID",150.016437912,149.0091619,"T3D4872"
"359","FEWJPZIEWOKRBE-JCYAYHJZSA-N","CMP41915","(R,R)-TARTARIC ACID",150.016437912,149.007881738137,"T3D4872"
"360","FIPWRIJSWJWJAI-UHFFFAOYSA-N","CMP31737","Piperonyl butoxide",338.20932406,337.202,"T3D4524"
"370","FLKPEMZONWLCSK-UHFFFAOYSA-N","CMP04918","Diethyl-phthalate",222.089208928,221.0819,"T3D3638"
"384","FNJSWIPFHMKRAT-UHFFFAOYSA-N","CMP39397","Monomethyl phthalate",180.042258736,179.035,"T3D3886"
"390","FRASJONUBLZVQX-UHFFFAOYSA-N","CMP12575","1,4-naphthalene-dione",158.036779432,158.0373,"T3D4637"
"391","FRPZMMHWLSIFAZ-UHFFFAOYSA-N","CMP07541","10c-Undecenoic acid",184.14632988,183.3,"T3D4847"
"392","FTALBRSUTCGOEG-UHFFFAOYSA-N","CMP15754","Riluzole",234.00746844,233,"T3D2875"
"394","FUUFQLXAIUOWML-UHFFFAOYSA-N","CMP39418","Nitarsone",246.946193792,245.9389,"T3D0315"
"400","GAGWJHPBXLXJQN-UORFTKCHSA-N","CMP03738","Capecitabine",359.149263644,358.142,"T3D3507"
"415","GFNANZIMVAIWHM-OBYCQNJPSA-N","CMP32057","Triamcinolone",394.179166804,393.1719,"T3D4756"
"425","GHASVSINZRGABV-UHFFFAOYSA-N","CMP03069","5-Fluorouracil",130.017855556,129.0106,"T3D4776"
"437","GLWWLNJJJCTFMZ-UHFFFAOYSA-N","CMP39820","Cyclanilide",272.995948508,271.9887,"T3D4491"
"440","GLWWLNJJJCTFMZ-UHFFFAOYSA-N","CMP26743","Cyclanilide",272.995948508,271.9,"T3D4491"
"446","GNBHRKFJIUUOQI-UHFFFAOYSA-N","CMP40279","Fluorescein",332.068473484,331.0612,"T3D4808"
"452","GPXLRLUVLMHHIK-UHFFFAOYSA-N","CMP40350","Forchlorfenuron",247.05123962,246.044,"T3D4513"
"467","HBOMLICNUCNMMY-XLPZGREQSA-N","CMP04376","Zidovudine",267.096753896,266.0895,"T3D4720"
"473","HDOVUKNUBWVHOX-QMMMGPOBSA-N","CMP15829","Valaciclovir",324.15460312,323.1461,"T3D3542"
"474","HDOVUKNUBWVHOX-QMMMGPOBSA-N","CMP15196","Valaciclovir",324.15460312,323.147,"T3D3542"
"475","HEMJJKBWTPKOJG-UHFFFAOYSA-N","CMP03930","Gemfibrozil",250.156894564,249.1496,"T3D4809"
"489","HFCYZXMHUIHAQI-UHFFFAOYSA-N","CMP39483","Thidiazuron",220.041881876,219.0346,"T3D4541"
"495","HFZWRUODUSTPEG-UHFFFAOYSA-N","CMP40302","2,4-Dichlorophenol",161.963920108,160.9566,"T3D0209"
"506","HHJUWIANJFBDHT-KOTLKJBCSA-N","CMP15836","Vindesine",753.4101491,752.3991,"T3D2479"
"507","HMNKTRSOROOSPP-UHFFFAOYSA-N","CMP39459","3-Ethylphenol",122.07316494,121.0659,"T3D4941"
"513","HPJKCIUCZWXJDR-UHFFFAOYSA-N","CMP04634","Letrozole",285.101445352,284.0942,"T3D4803"
"522","HPJKCIUCZWXJDR-UHFFFAOYSA-N","CMP15581","Letrozol",285.101445352,284.0949,"T3D4803"
"524","HPNSFSBZBAHARI-RUDMXATFSA-N","CMP03457","Mycophenolic acid",320.12598836,319.1187,"T3D2960"
"551","HUBANNPOLNYSAD-UHFFFAOYSA-N","CMP38639","Clopyralid",190.954083696,189.9468,"T3D4488"
"554","HUPFGZXOMWLGNK-UHFFFAOYSA-N","CMP06061","Diflunisal",250.044150556,249,"T3D2918"
"559","HVDGDHBAMCBBLR-UHFFFAOYNA-N","CMP30431","Enterolactone",298.120509056,297.11323264783,"T3D3967"
"571","HXHWSAZORRCQMX-UHFFFAOYSA-N","CMP04632","Albendazole",265.08849772,264.0812,"T3D3476"
"577","HXHWSAZORRCQMX-UHFFFAOYSA-N","CMP14685","Albendazole",265.08849772,264.0815,"T3D3476"
"589","IAIWVQXQOWNYOU-FPYGCLRLSA-N","CMP41536","Nitrofurazone",198.038904672,197.0316,"T3D4752"
"595","IGFHQQFPSIBGKE-UHFFFAOYSA-N","CMP40575","4-Nonylphenol",220.182715388,219.1754,"T3D4836"
"597","IGWDEVSBEKYORK-UHFFFAOYSA-N","CMP36679","isoimperatorin",270.089208928,269.0819,"T3D0831"
"600","IMEVJVISCHQJRM-UHFFFAOYSA-N","CMP04165","Triflusulfuron-methyl",492.103887988,491.0966,"T3D3941"
"606","IMIDOCRTMDIQIJ-UHFFFAOYSA-N","CMP39940","Aminocarb",208.121177752,207.1139,"T3D0922"
"612","INISTDXBRIBGOC-XMMISQBUSA-N","CMP39205","tau-Fluvalinate",502.127104904,501.1198,"T3D1849"
"621","IOYNQIMAUDJVEI-BMVIKAAMSA-N","CMP04151","Tepraloxydim",341.139385928,340.1321,"T3D3929"
"627","IPRJXAGUEGOFGG-UHFFFAOYSA-N","CMP31743","N-Butylbenzenesulfonamide",213.08234972,212.0751,"T3D4810"
"630","IQUPABOKLQSFBK-UHFFFAOYSA-N","CMP41210","2-nitrophenol",139.02694302,138.0197,"T3D3579"
"636","ISAVYTVYFVQUDY-UHFFFAOYSA-N","CMP40744","4-(1,1,3,3-Tetramethylbutyl)phenol",206.167065324,205.1598,"T3D3946"
"645","IWEDIXLBFLAXBO-UHFFFAOYSA-N","CMP02615","Dicamba",219.969399412,218.9621,"T3D0807"
"656","IYRMWMYZSQPJKC-UHFFFAOYSA-N","CMP09082","Kaempferol",286.04773804,285.0404,"T3D4795"
"666","IYRMWMYZSQPJKC-UHFFFAOYSA-N","CMP10522","Kaempferol",286.04773804,285.0415,"T3D4795"
"671","IYRMWMYZSQPJKC-UHFFFAOYSA-N","CMP13152","Kaempferol",286.04773804,285,"T3D4795"
"677","IYRMWMYZSQPJKC-UHFFFAOYSA-N","CMP10524","Kaempferol",286.04773804,285.0409,"T3D4795"
"695","IZUPBVBPLAPZRR-UHFFFAOYSA-N","CMP39173","Pentachlorophenol",263.847003052,262.8397,"T3D0045"
"703","IZUPBVBPLAPZRR-UHFFFAOYSA-N","CMP08383","Pentachlorophenol",263.847003052,262.8392,"T3D0045"
"707","JBIMVDZLSHOPLA-LSCVHKIXSA-N","CMP04463","Olopatadine",337.167793596,336.1605,"T3D2886"
"710","JBIMVDZLSHOPLA-LSCVHKIXSA-N","CMP15679","Olopatadine",337.167793596,336.159,"T3D2886"
"715","JBIWCJUYHHGXTC-AKNGSSGZSA-N","CMP12601","Doxycycline (anhydrous)",444.153265728,443.1459,"T3D3950"
"716","JWAZRIHNYRIHIV-UHFFFAOYSA-N","CMP40562","2-Naphthalenol",144.057514876,143.0502,"T3D3970"
"722","JXTHNDFMNIQAHM-UHFFFAOYSA-N","CMP06006","Dichloroacetate",127.943184664,127,"T3D4690"
"724","JXTHNDFMNIQAHM-UHFFFAOYSA-N","CMP14777","Dichloroacetic acid",127.943184664,126.9346,"T3D4690"
"731","JXTHNDFMNIQAHM-UHFFFAOYSA-N","CMP15448","Dichloroacetic acid",127.943184664,126.9345,"T3D4690"
"734","JZUFKLXOESDKRF-UHFFFAOYSA-N","CMP05114","Hydrochlorothiazide",296.964475416,295.9572,"T3D4781"
"738","JZUFKLXOESDKRF-UHFFFAOYSA-N","CMP36647","Hydrochlorothiazide",296.964475416,295.9578,"T3D4781"
"760","KGPQKNJSZNXOPV-UHFFFAOYSA-N","CMP14495","Moniliformin",98.000393924,96.99392,"T3D3770"
"762","KJADKKWYZYXHBB-XBWDGYHZSA-N","CMP39275","Topiramate",339.098787632,338.0915,"T3D2733"
"765","KJADKKWYZYXHBB-XBWDGYHZSA-N","CMP15170","Topiramate",339.098787632,338.0912,"T3D2733"
"770","KJCVRFUGPWSIIH-UHFFFAOYSA-N","CMP41238","1-Naphthol",144.057514876,143.0502,"T3D3968"
"777","KJFMBFZCATUALV-UHFFFAOYSA-N","CMP38656","Phenolphthalein",318.089208928,317.0819,"T3D4708"
"783","KJONHKAYOJNZEC-UHFFFAOYSA-N","CMP04962","Nitrazepam",281.080041212,280.0728,"T3D3057"
"784","KJONHKAYOJNZEC-UHFFFAOYSA-N","CMP15670","Nitrazepam",281.080041212,280.0725,"T3D3057"
"794","KNAHARQHSZJURB-UHFFFAOYSA-N","CMP32016","Propylthiouracil",170.05138394,169.0441,"T3D4712"
"800","KNAHARQHSZJURB-UHFFFAOYSA-N","CMP07077","Propylthiouracil",170.05138394,169,"T3D4712"
"806","KQKPFRSPSRPDEB-UHFFFAOYSA-N","CMP15783","Sumatriptan",295.135447912,294.1255,"T3D2856"
"807","KYPYTERUKNKOLP-UHFFFAOYSA-N","CMP39695","2,2',6,6'-Tetrachlorobisphenol A",363.959140344,362.9519,"T3D3948"
"813","KZNIFHPLKGYRTM-UHFFFAOYSA-N","CMP29042","Apigenin",270.05282342,269.04554694783,"T3D4888"
"816","KZNIFHPLKGYRTM-UHFFFAOYSA-N","CMP13291","Apigenin",270.05282342,269,"T3D4888"
"822","KZNIFHPLKGYRTM-UHFFFAOYSA-N","CMP10297","Apigenin",270.05282342,269.052,"T3D4888"
"824","KZNIFHPLKGYRTM-UHFFFAOYSA-N","CMP08506","Apigenin",270.05282342,269.04502,"T3D4888"
"853","LCSDQFNUYFTXMT-UHFFFAOYSA-N","CMP36194","alternariol monomethyl ether",272.068473484,271.0623,"T3D3728"
"856","LHJGJYXLEPZJPM-UHFFFAOYSA-N","CMP41157","2,4,5-Trichlorophenol",195.924947756,194.9177,"T3D0222"
"869","LINPIYWFGCPVIE-UHFFFAOYSA-N","CMP40896","2,4,6-Trichlorophenol",195.924947756,194.9177,"T3D0086"
"876","LLEMOWNGBBNAJR-UHFFFAOYSA-N","CMP40826","2-Phenylphenol",170.07316494,169.0659,"T3D3981"
"882","LLWADFLAOKUBDR-UHFFFAOYSA-N","CMP03193","MCPB",228.055321956,227.048,"T3D0805"
"887","LLWADFLAOKUBDR-UHFFFAOYSA-N","CMP26725","MCPB",228.055321956,226.9,"T3D0805"
"902","LMEKQMALGUDUQG-UHFFFAOYSA-N","CMP41484","Azathioprine",277.038193464,276.0309,"T3D4677"
"909","LXCFILQKKLGQFO-UHFFFAOYSA-N","CMP31985","Methylparaben",152.047344116,151.0401,"T3D3977"
"918","MEFOUWRMVYJCQC-UHFFFAOYSA-N","CMP02161","Rimsulfuron",431.056939884,430.0497,"T3D4535"
"932","MEFQWPUMEMWTJP-UHFFFAOYSA-N","CMP02175","Fluroxypyr",253.9661256,252.9588,"T3D3848"
"936","MEFQWPUMEMWTJP-UHFFFAOYSA-N","CMP26757","Fluroxypyr",253.9661256,252.8,"T3D3848"
"954","MIQPIUSUKVNLNT-UHFFFAOYSA-N","CMP38897","Tolcapone",273.063722452,272.0564,"T3D2751"
"960","MKXKFYHWDHIYRV-UHFFFAOYSA-N","CMP38631","Flutamide",276.072176872,275.0649,"T3D4768"
"971","MQHNKCZKNAJROC-UHFFFAOYSA-N","CMP41571","Dipropyl phthalate",250.120509056,249.1132,"T3D3655"
"977","MQJKPEGWNLWLTK-UHFFFAOYSA-N","CMP05740","4-Aminophenylsulfone",248.061948624,247,"T3D2482"
"982","MUJOIMFVNIBMKC-UHFFFAOYSA-N","CMP02267","Fludioxonil",248.039733872,247.0325,"T3D4509"
"1002","MWOOGOJBHIARFG-UHFFFAOYSA-N","CMP45224","VANILLIN",152.047344116,151.0400681,"T3D4849"
"1008","MWOOGOJBHIARFG-UHFFFAOYSA-N","CMP15201","Vanillin",152.047344116,151.0391,"T3D4849"
"1011","MWOOGOJBHIARFG-UHFFFAOYSA-N","CMP13270","Vanillin",152.047344116,151,"T3D4849"
"1020","MZHCENGPTKEIGP-UHFFFAOYSA-N","CMP12317","Dichlorprop",233.985049476,232.9778,"T3D0801"
"1021","MZHCENGPTKEIGP-UHFFFAOYSA-N","CMP26744","Dichlorprop",233.985049476,232.8,"T3D0801"
"1039","NBQCNZYJJMBDKY-UHFFFAOYSA-N","CMP41694","Terbacil",216.066555336,215.0593,"T3D4539"
"1051","NCKMMSIFQUPKCK-UHFFFAOYSA-N","CMP39812","Clorophene",218.049842652,217.0426,"T3D3814"
"1071","NIFKBBMCXCMCAO-UHFFFAOYSA-N","CMP04119","Mesosulfuron-methyl",503.078069252,502.0708,"T3D3875"
"1077","NIJJYAXOARWZEE-UHFFFAOYSA-N","CMP45254","VALPROIC ACID",144.115029752,143.1077538,"T3D2558"
"1078","NIJJYAXOARWZEE-UHFFFAOYSA-N","CMP07438","Valproate(2)",144.115029752,143,"T3D2558"
"1087","NLZUEZXRPGMBCV-UHFFFAOYSA-N","CMP44978","BUTYLATED HYDROXYTOLUENE",220.182715388,219.1754394,"T3D4911"
"1091","NNJVILVZKWQKPM-UHFFFAOYSA-N","CMP43140","Lidocaine; LC-tDDA; CE20",234.173213324,233.165939331055,"T3D2735"
"1095","NOQGZXFMHARMLW-UHFFFAOYSA-N","CMP06134","Daminozide",160.084792244,159,"T3D3821"
"1100","NQQVFXUMIDALNH-UHFFFAOYSA-N","CMP38793","Picloram",239.926010376,238.9187,"T3D4523"
"1106","NRPKURNSADTHLJ-UHFFFAOYSA-N","CMP39792","Octyl gallate",282.146723804,281.1394,"T3D4831"
"1112","NUFNQYOELLVIPL-UHFFFAOYSA-N","CMP39430","Acifluorfen",360.996484664,359.9892,"T3D3790"
"1116","NUFNQYOELLVIPL-UHFFFAOYSA-N","CMP26733","Acifluorfen",360.996484664,360,"T3D3790"
"1128","NUPJIGQFXCQJBK-UHFFFAOYSA-N","CMP38923","Imazamox",305.137556088,304.1303,"T3D3861"
"1147","NUVBSKCKDOMJSU-UHFFFAOYSA-N","CMP08942","Ethylparaben",166.06299418,165.0557,"T3D3978"
"1166","NVGOPFQZYCNLDU-UHFFFAOYSA-N","CMP38729","Norflurazon",303.038624248,302.0313,"T3D3893"
"1171","OEBRKCOSUFCWJD-UHFFFAOYSA-N","CMP03874","Dichlorvos",219.945900694,218.9386,"T3D0240"
"1177","OFCNXPDARWKPPY-UHFFFAOYSA-N","CMP04481","Allopurinol",136.038510748,135.0312,"T3D3477"
"1183","OFVLGDICTFRJMM-WESIUVDSSA-N","CMP04263","Tetracycline",444.153265728,443.146,"T3D3955"
"1186","OGWKCGZFUXNPDA-XQKSVPLYSA-N","CMP15835","Vincristine",824.399643992,823.3904,"T3D4016"
"1187","OGWKCGZFUXNPDA-XQKSVPLYSA-N","CMP15204","Vincristine",824.399643992,823.3927,"T3D4016"
"1188","OHCQJHSOBUTRHG-KGGHGJDLSA-N","CMP39315","Forskolin",410.230453428,409.2232,"T3D4827"
"1198","OLZQTUCTGLHFTQ-UHFFFAOYSA-N","CMP41576","Fluroxypyr-meptyl",366.091326112,365.084,"T3D3849"
"1204","OORLZFUTLGXMEF-UHFFFAOYSA-N","CMP04238","Sulfentrazon",385.98187298,384.9746,"T3D3924"
"1213","OSWPMRLSEDHDFF-UHFFFAOYSA-N","CMP08792","Methyl Salicylate",152.047344116,151.03954,"T3D4848"
"1214","OUDSBRTVNLOZBN-UHFFFAOYSA-N","CMP38890","Tolazamide",311.130362532,310.1231,"T3D4765"
"1219","OVSKIKFHRZPJSS-UHFFFAOYSA-N","CMP02598","2,4-D",219.969399412,218.9621,"T3D0248"
"1242","OWNAXTAAAQTBSP-UHFFFAOYSA-N","CMP39517","Karbutilate",279.158291532,278.151,"T3D0978"
"1248","OYIKARCXOQLFHF-UHFFFAOYSA-N","CMP04573","Isoxaflutole",359.043913524,358.0366,"T3D3868"
"1257","PBJUNZJWGZTSKL-MRXNPFEDSA-N","CMP15798","Tiagabine",375.13267104,374.1205,"T3D2926"
"1258","PCIUEQPBYFRTEM-UHFFFAOYSA-N","CMP38195","Perfluorodecanoic acid (PFDA)",513.967315452,512.96,"T3D3999"
"1272","PGOOBECODWQEAB-UHFFFAOYSA-N","CMP31832","Clothianidin",249.008723176,248.0014,"T3D3815"
"1296","PHNUZKMIPFFYSO-UHFFFAOYSA-N","CMP41411","Propyzamide",255.021769332,254.0145,"T3D4530"
"1311","PKUWKAXTAVNIJR-UHFFFAOYSA-N","CMP06099","O, O-Diethyl thiophosphate",170.016651842,169,"T3D3958"
"1316","PLDUPXSUYLZYBN-UHFFFAOYSA-N","CMP15485","Fluphenazine",437.174868112,436.1603,"T3D2840"
"1317","PLIKAWJENQZMHA-UHFFFAOYSA-N","CMP14612","4-Aminophenol",109.052763844,108.0443,"T3D3600"
"1318","PMHURSZHKKJGBM-UHFFFAOYSA-N","CMP41684","Isoxaben",332.173607248,331.1663,"T3D3867"
"1333","PTCGDEVVHUXTMP-UHFFFAOYSA-N","CMP41309","Flutolanil",323.113313412,322.106,"T3D3852"
"1339","PTOAARAWEBMLNO-KVQBGUIXSA-N","CMP15431","Cladribine",285.062866924,284.0544,"T3D4774"
"1340","PTOAARAWEBMLNO-KVQBGUIXSA-N","CMP14754","Cladribine",285.062866924,284.0553,"T3D4774"
"1341","PTOAARAWEBMLNO-KVQBGUIXSA-N","CMP41679","Cladribine",285.062866924,284.0556,"T3D4774"
"1347","PVSGXWMWNRGTKE-UHFFFAOYSA-N","CMP39830","Imazapic",275.126991404,274.1197,"T3D3862"
"1353","PVUBSZGNXLNTLX-UHFFFAOYSA-N","CMP40999","3-Hydroxyfluorene",182.07316494,181.0659,"T3D3990"
"1359","PYZRQGJRPPTADH-UHFFFAOYSA-N","CMP15578","Lamotrigine",255.007850584,253.9992,"T3D2570"
"1360","QAIPRVGONGVQAS-RQOWECAXSA-N","CMP05949","Caffeate",180.042258736,179,"T3D4201"
"1362","QAIPRVGONGVQAS-RQOWECAXSA-N","CMP08405","Caffeic acid",180.042258736,179.03446,"T3D4201"
"1370","QBKSWRVVCFFDOT-UHFFFAOYSA-N","CMP26778","Gossypol_C30H30O8",518.19406792,517.186,"T3D3081"
"1371","QCAWEPFNJXQPAN-UHFFFAOYSA-N","CMP03633","Methoxyfenozide",368.209992756,367.2027,"T3D3880"
"1386","QELSKZZBTMNZEB-UHFFFAOYSA-N","CMP40868","Propylparaben",180.078644244,179.0714,"T3D3979"
"1401","QEVHRUUCFGRFIF-MDEJGZGSSA-N","CMP40938","Reserpine",608.27338086,607.2661,"T3D2713"
"1406","QFOHBWFCKVYLES-UHFFFAOYSA-N","CMP12481","Butylparaben",194.094294308,193.087,"T3D3980"
"1425","QGHREAKMXXNCOA-UHFFFAOYSA-N","CMP40334","Thiophanate-methyl",342.045646928,341.0384,"T3D3934"
"1431","QIGBRXMKCJKVMJ-UHFFFAOYSA-N","CMP45467","HYDROQUINONE",110.036779432,109.0295034,"T3D4577"
"1439","QJJXYPPXXYFBGM-LJIGMGMYSA-N","CMP37271","TACROLIMUS",803.481976648,802.4751,"T3D4732"
"1442","QNXAVFXEJCPCJO-UHFFFAOYSA-N","CMP39778","Diclosulam",404.98654376,403.9793,"T3D3825"
"1448","QQQYTWIFVNKMRW-UHFFFAOYSA-N","CMP39573","Diflubenzuron",310.032061648,309.0248,"T3D4921"
"1459","QRXWMOHMRWLFEY-UHFFFAOYSA-N","CMP06689","Isonicotinate hydrazide",137.058911844,136,"T3D4777"
"1464","QUKGYYKBILRGFE-UHFFFAOYSA-N","CMP45524","BENZYL ACETIC ACID",150.06807956,149.0608036,"T3D3214"
"1466","QUKGYYKBILRGFE-UHFFFAOYSA-N","CMP14719","Benzylacetate",150.06807956,149.0637,"T3D3214"
"1469","QUKGYYKBILRGFE-UHFFFAOYSA-N","CMP15399","Benzylacetate",150.06807956,149.0655,"T3D3214"
"1470","QYPNKSZPJQQLRK-UHFFFAOYSA-N","CMP03660","Tebufenozide",352.215078136,351.2078,"T3D3925"
"1486","RCINICONZNJXQF-MZXODVADSA-N","CMP12949","Paclitaxel",853.330955312,853,"T3D4019"
"1487","REEQLXCGVXDJSQ-UHFFFAOYSA-N","CMP38602","Triclopyr",254.925676028,253.9184,"T3D4545"
"1489","REEQLXCGVXDJSQ-UHFFFAOYSA-N","CMP26752","Triclopyr",254.925676028,253.8,"T3D4545"
"1494","REFJWTPEDVJJIY-UHFFFAOYSA-N","CMP15740","Quercetin",302.04265266,301.0359,"T3D4758"
"1496","REFJWTPEDVJJIY-UHFFFAOYSA-N","CMP28929","Quercetin",302.04265266,301.03537624783,"T3D4758"
"1501","REFJWTPEDVJJIY-UHFFFAOYSA-N","CMP10546","Quercetin",302.04265266,271.1,"T3D4758"
"1510","REFJWTPEDVJJIY-UHFFFAOYSA-N","CMP13300","Quercetin",302.04265266,301,"T3D4758"
"1513","REFJWTPEDVJJIY-UHFFFAOYSA-N","CMP10540","Quercetin",302.04265266,271.0616,"T3D4758"
"1528","REFJWTPEDVJJIY-UHFFFAOYSA-N","CMP10542","Quercetin",302.04265266,299.0205,"T3D4758"
"1532","REFJWTPEDVJJIY-UHFFFAOYSA-N","CMP10543","Quercetin",302.04265266,271.0612,"T3D4758"
"1551","RFHAOTPXVQNOHP-UHFFFAOYSA-N","CMP02777","Fluconazole",306.104065444,305.0968,"T3D2711"
"1576","RFSUNEUAIZKAJO-ARQDHWQXSA-N","CMP26613","D(-)-Fructose",180.063388104,179.0561,"T3D4345"
"1579","RHMXXJGYXNZAPX-UHFFFAOYSA-N","CMP40905","Emodin",270.05282342,269.0455,"T3D3755"
"1594","RJMUSRYZPJIFPJ-UHFFFAOYSA-N","CMP04456","Niclosamide",325.986112096,324.9788,"T3D3891"
"1600","RMBFBMJGBANMMK-UHFFFAOYSA-N","CMP12587","2,4-dinitrotoluene",182.032756672,182.0333,"T3D0094"
"1601","RPWFJAMTCNSJKK-UHFFFAOYSA-N","CMP41069","Dodecyl gallate",338.20932406,337.202,"T3D4904"
"1607","RRNIZKPFKNDSRS-UHFFFAOYSA-N","CMP41757","Bensulide",397.060507878,396.0532,"T3D3797"
"1613","RSMUVYRMZCOLBH-UHFFFAOYSA-N","CMP02139","Metsulfuron-methyl",381.0743042,380.067,"T3D3883"
"1627","RSVPPPHXAASNOL-UHFFFAOYSA-N","CMP39588","Prodiamine",350.120189684,349.1129,"T3D4527"
"1633","RTIXKCRFFJGDFG-UHFFFAOYSA-N","CMP36342","Chrysin",254.0579088,253.0506,"T3D4893"
"1646","RTIXKCRFFJGDFG-UHFFFAOYSA-N","CMP13176","Chrysin",254.0579088,253,"T3D4893"
"1652","RTIXKCRFFJGDFG-UHFFFAOYSA-N","CMP10274","Chrysin",254.0579088,253.055,"T3D4893"
"1656","RTIXKCRFFJGDFG-UHFFFAOYSA-N","CMP10273","Chrysin",254.0579088,253.052,"T3D4893"
"1666","RXCPQSJAVKGONC-UHFFFAOYSA-N","CMP39001","Flumetsulam",325.044501968,324.0372,"T3D3845"
"1672","RZEKVGVHFLEQIL-UHFFFAOYSA-N","CMP31928","Celecoxib",381.075882348,380.0686,"T3D4771"
"1682","RZILCCPWPBTYDO-UHFFFAOYSA-N","CMP05045","Fluometuron",232.082347632,231.0751,"T3D4511"
"1697","RZJSUWQGFCHNFS-UHFFFAOYSA-N","CMP12280","Monoisobutyl phthalate",222.089208928,221.0819,"T3D3960"
"1698","RZVAJINKPMORJF-UHFFFAOYSA-N","CMP45217","4-ACETAMIDOPHENOL",151.063328528,150.0560525,"T3D2571"
"1706","RZVAJINKPMORJF-UHFFFAOYSA-N","CMP14667","Acetominophen",151.063328528,150.0551,"T3D2571"
"1723","SBNFWQZLDJGRLK-UHFFFAOYSA-N","CMP39959","Phenothrin",350.188194692,349.1809,"T3D1026"
"1727","SIDINRCMMRKXGQ-UHFFFAOYSA-N","CMP38200","Perfluoroundecanoic acid (PFUnDA)",563.964121892,562.9568,"T3D4005"
"1733","SIGQAYSWORHPPH-GFXLLRAPSA-N","CMP37379","MCLY",1001.510985332,1000.5037,"T3D3615"
"1742","SMQUZDBALVYZAC-UHFFFAOYSA-N","CMP14551","2-Hydroxybenzaldehyde",122.036779432,121.0284,"T3D4892"
"1743","SMQUZDBALVYZAC-UHFFFAOYSA-N","CMP15259","2-Hydroxybenzaldehyde",122.036779432,121.0301,"T3D4892"
"1744","SMYMJHWAQXWPDB-UHFFFAOYSA-N","CMP39061","2,4,5-Trichlorophenoxyacetic acid",253.93042706,252.9232,"T3D0803"
"1747","SMYMJHWAQXWPDB-UHFFFAOYSA-N","CMP07404","2,4,5-Trichlorophenoxyacetate",253.93042706,253,"T3D0803"
"1755","SNGREZUHAYWORS-UHFFFAOYSA-N","CMP03232","Perfluorooctanoic acid",413.973702572,412.9664,"T3D3985"
"1756","SNGREZUHAYWORS-UHFFFAOYSA-N","CMP08112","nPFOA",413.973702572,413,"T3D3985"
"1778","SPSSULHKWOKEEL-UHFFFAOYSA-N","CMP12589","Trinitrotoluene",227.01783488,227.0184,"T3D0082"
"1779","SRBFZHDQGSBBOR-IOVATXLUSA-N","CMP46422","XYLOSE",150.05282342,149.0455474,"T3D4926"
"1781","SRBFZHDQGSBBOR-IOVATXLUSA-N","CMP42262","D-XYLOSE",150.05282342,149.044257635,"T3D4926"
"1783","SRBFZHDQGSBBOR-IOVATXLUSA-N","CMP42263","D-XYLOSE",150.05282342,131.033682641395,"T3D4926"
"1787","SYJGKVOENHZYMQ-UHFFFAOYSA-N","CMP39496","Penoxsulam",483.063580648,482.0563,"T3D3898"
"1793","TYIYMOAHACZAMQ-CQSZACIVSA-N","CMP40138","Cyhalofop-butyl",357.13763634,356.1304,"T3D3818"
"1799","TYNQWWGVEGFKRU-UHFFFAOYNA-N","CMP27521","alpha-Chaconine",851.503106016,850.49582954783,"T3D4050"
"1802","TYNQWWGVEGFKRU-UHFFFAOYNA-N","CMP27513","alpha-Chaconine",851.503106016,896.50130885183,"T3D4050"
"1816","TYZROVQLWOKYKF-ZDUSSCGKSA-N","CMP15585","Linezolide",337.14378434,336.1359,"T3D2675"
"1817","TZBJGXHYKVUXJN-UHFFFAOYSA-N","CMP40188","Genistein",270.05282342,269.0455,"T3D3963"
"1823","TZBJGXHYKVUXJN-UHFFFAOYSA-N","CMP36571","Genistein",270.05282342,305.0226,"T3D3963"
"1831","TZBJGXHYKVUXJN-UHFFFAOYSA-N","CMP13255","Genistein",270.05282342,269,"T3D3963"
"1834","TZBJGXHYKVUXJN-UHFFFAOYSA-N","CMP10304","Genistein",270.05282342,269.0489,"T3D3963"
"1841","TZBJGXHYKVUXJN-UHFFFAOYSA-N","CMP10305","Genistein",270.05282342,269.1,"T3D3963"
"1875","UBQNRHZMVUUOMG-UHFFFAOYSA-N","CMP04046","Zonisamide",212.025563116,211.0183,"T3D2928"
"1881","UCHDFLNGIZUADY-UHFFFAOYSA-N","CMP40089","Fosamine",153.019094366,152.0118,"T3D0973"
"1887","UCQFCFPECQILOL-UHFFFAOYSA-N","CMP06116","Diethyl phosphate",154.039495462,153,"T3D3969"
"1892","UFBJCMHMOXMLKC-UHFFFAOYSA-N","CMP39441","2,4-Dinitrophenol",184.012021228,183.0047,"T3D0087"
"1894","UFBJCMHMOXMLKC-UHFFFAOYSA-N","CMP06082","2,4-Dinitrophenol",184.012021228,183,"T3D0087"
"1908","UGJMXCAKCUNAIE-UHFFFAOYSA-N","CMP05109","Gabapentin",171.125928784,170.11865,"T3D2952"
"1911","UGTJLJZQQFGTJD-UHFFFAOYSA-N","CMP39969","Carbonyl cyanide chlorophenylhydrazone",204.02027384,203.013,"T3D1697"
"1917","ULFRLSNUDGIQQP-UHFFFAOYSA-N","CMP15756","Rizatriptan",269.164045608,268.1556,"T3D2940"
"1918","ULGZDMOVFRHVEP-RWJQBGPGSA-N","CMP12602","Erythromycin",733.461241204,792.4751,"T3D4764"
"1919","ULSDMUVEXKOYBU-ZDUSSCGKSA-N","CMP15846","Zolmitriptan",287.163376912,286.1521,"T3D2748"
"1920","UMGDCJDMYOKAJW-UHFFFAOYSA-N","CMP43509","THIOUREA",76.009519128,75.00222,"T3D4891"
"1921","UNAHYJYOSSSJHH-UHFFFAOYSA-N","CMP26706","Oryzalin",346.094705296,345.3,"T3D4522"
"1922","UNAHYJYOSSSJHH-UHFFFAOYSA-N","CMP03962","Oryzalin",346.094705296,345.0874,"T3D4522"
"1936","UPMXNNIRAGDFEH-UHFFFAOYSA-N","CMP02001","Bromoxynil",274.858137916,273.8509,"T3D1694"
"1942","UPMXNNIRAGDFEH-UHFFFAOYSA-N","CMP26760","Bromoxynil",274.858137916,275.7,"T3D1694"
"1961","UQVKZNNCIHJZLS-UHFFFAOYSA-N","CMP31727","PHIP",224.106196384,223.0989,"T3D4581"
"1968","URLJMZWTXZTZRR-UHFFFAOYSA-N","CMP32103","Tetradecylsulfate",294.18648044,293.1792,"T3D4742"
"1972","UZCGKGPEKUCDTF-UHFFFAOYSA-N","CMP02116","Fluazinam",463.951379288,462.9441,"T3D3842"
"1985","UZUFPBIDKMEQEQ-UHFFFAOYSA-N","CMP38192","Perfluorononanoic acid (PFNA)",463.970509012,462.9632,"T3D4001"
"1996","VDLGAVXLJYLFDH-UHFFFAOYSA-N","CMP03896","Fenhexamid",301.063634144,300.0564,"T3D3838"
"2002","VEORPZCZECFIRK-UHFFFAOYSA-N","CMP39581","3,3',5,5'-Tetrabromobisphenol A",539.757078024,538.7498,"T3D1803"
"2010","VGPYEHKOIGNJKV-UHFFFAOYSA-N","CMP02245","Asulam",230.0361278,229.0289,"T3D0923"
"2023","VIKNJXKGJWUCNN-XGXHKTLJSA-N","CMP39386","Norethindrone",298.193280072,297.186,"T3D4745"
"2029","VJJPUSNTGOMMGY-MRVIYFEKSA-N","CMP15479","Etoposide",588.184291084,587.1746,"T3D4695"
"2030","VJJPUSNTGOMMGY-MRVIYFEKSA-N","CMP14812","Etoposide",588.184291084,587.1767,"T3D4695"
"2031","VMIYHDSEFNYJSL-UHFFFAOYSA-N","CMP04768","Bromazepam",315.00072404,313.9934,"T3D3048"
"2040","VMWNQDUVQKEIOC-CYBMUJFWSA-N","CMP40299","Apomorphine",267.125928784,266.1187,"T3D2867"
"2046","VOWAEIGWURALJQ-UHFFFAOYSA-N","CMP40899","Dicyclohexyl phthalate",330.183109312,329.1758,"T3D3643"
"2052","WBYWAXJHAXSJNI-VOTSOKGWSA-N","CMP46061","CINNAMIC ACID",148.052429496,147.0451535,"T3D4889"
"2055","WBYWAXJHAXSJNI-VOTSOKGWSA-N","CMP15428","Cinnamic acid",148.052429496,147.0455,"T3D4889"
"2056","WBYWAXJHAXSJNI-VOTSOKGWSA-N","CMP05841","trans-Cinnamate",148.052429496,147,"T3D4889"
"2067","WBYWAXJHAXSJNI-VOTSOKGWSA-N","CMP14749","Cinnamic acid",148.052429496,147.0442,"T3D4889"
"2072","WCXDHFDTOYPNIE-RIYZIHGNSA-N","CMP31827","Acetamiprid",222.067224032,221.0599,"T3D4476"
"2074","WFJIVOKAWHGMBH-UHFFFAOYSA-N","CMP15307","4-Hexylresorcinol",194.130679816,193.1237,"T3D4855"
"2075","WHKUVVPPKQRRBV-UHFFFAOYSA-N","CMP02552","MCPA",200.024021828,199.0167,"T3D0804"
"2097","WIIZWVCIJKGZOK-RKDXNWHRSA-N","CMP36335","Chloramphenicol",322.012326844,321.0052,"T3D3954"
"2115","WJCNZQLZVWNLKY-UHFFFAOYSA-N","CMP08479","Thiabendazole",201.036068224,200.02827,"T3D3931"
"2116","WNTGYJSOUMFZEP-UHFFFAOYSA-N","CMP02750","Mecoprop",214.039671892,213.0324,"T3D0806"
"2126","WNTGYJSOUMFZEP-UHFFFAOYSA-N","CMP26769","Mecoprop",214.039671892,212.9,"T3D0806"
"2136","WOVKYSAHUYNSMH-UHFFFAOYSA-N","CMP09361","5-Bromo-2'-deoxyuridine",305.985133552,304.9778,"T3D1782"
"2137","WREGKURFCTUGRC-POYBYMJQSA-N","CMP07453","Zalcitabine",211.095691276,210,"T3D4719"
"2142","WSWCOQWTEOXDQX-MQQKCMAXSA-N","CMP44996","SORBIC ACID",112.052429496,111.0451535,"T3D4843"
"2149","WSWCOQWTEOXDQX-MQQKCMAXSA-N","CMP42161","SORBATE",112.052429496,111.043757652089,"T3D4843"
"2151","WUADCCWRTIWANL-UHFFFAOYSA-N","CMP40785","Biochanin A",284.068473484,283.0612,"T3D4886"
"2153","WUADCCWRTIWANL-UHFFFAOYSA-N","CMP10293","Biochanin A",284.068473484,283.0704,"T3D4886"
"2164","WUADCCWRTIWANL-UHFFFAOYSA-N","CMP10290","Biochanin A",284.068473484,283.0686,"T3D4886"
"2174","WUADCCWRTIWANL-UHFFFAOYSA-N","CMP10291","Biochanin A",284.068473484,283,"T3D4886"
"2180","WWYNJERNGUHSAO-XUDSTZEESA-N","CMP38937","Norgestrel",312.208930136,311.2017,"T3D4749"
"2186","WXNZTHHGJRFXKQ-UHFFFAOYSA-N","CMP03912","4-Chlorophenol",128.00289246,126.9956,"T3D0868"
"2198","WYEMLYFITZORAB-UHFFFAOYSA-N","CMP41599","Boscalid",342.032668364,341.0254,"T3D3800"
"2211","WYKYKTKDBLFHCY-UHFFFAOYSA-N","CMP38933","Chloridazon",221.035589556,220.0283,"T3D3806"
"2236","WYMSBXTXOHUIGT-UHFFFAOYSA-N","CMP15061","Paraoxon",275.055873798,274.0405,"T3D4920"
"2237","WYWHKKSPHMUBEB-UHFFFAOYSA-N","CMP39901","6-Thioguanine",167.02656616,166.0193,"T3D4770"
"2243","XEFQLINVKFYRCS-UHFFFAOYSA-N","CMP03694","Triclosan",287.951162504,286.9439,"T3D3939"
"2251","XKJMBINCVNINCA-UHFFFAOYSA-N","CMP38572","Linuron",248.01193292,247.0047,"T3D4518"
"2261","XKNKHVGWJDPIRJ-UHFFFAOYSA-N","CMP39308","(4-Aminophenyl)arsonic acid",216.972014616,215.9647,"T3D0300"
"2267","XMQFTWRPUQYINF-UHFFFAOYSA-N","CMP38260","Bensulfuron-methyl",410.089619916,409.0823,"T3D4478"
"2273","XMTQQYYKAHVGBJ-UHFFFAOYSA-N","CMP02674","Diuron",232.0170183,231.0097,"T3D4500"
"2307","XMVJITFPVVRMHC-UHFFFAOYSA-N","CMP39362","4-Hydroxy-3-nitrophenylarsonic acid",262.941108412,261.9338,"T3D0311"
"2313","XNKLLVCARDGLGL-JGVFFNPUSA-N","CMP41086","Stavudine",224.079706864,223.0724,"T3D4772"
"2320","XNKLLVCARDGLGL-JGVFFNPUSA-N","CMP15778","Stavudine",224.079706864,223.0736,"T3D4772"
"2321","XOFYZVNMUHMLCC-ZPOLXVRWSA-N","CMP39748","Prednisone",358.178023932,357.1707,"T3D4710"
"2334","XRECTZIEBJDKEO-UHFFFAOYSA-N","CMP04016","Flucytosine (5-FC)",129.033839968,128.0266,"T3D2983"
"2337","XRECTZIEBJDKEO-UHFFFAOYSA-N","CMP14642","5-Flurocytosine",129.033839968,128.0253,"T3D2983"
"2341","XSAYZAUNJMRRIR-UHFFFAOYSA-N","CMP41434","2'-Acetonaphthone",170.07316494,169.0659,"T3D4934"
"2347","XWXYUMMDTVBTOU-UHFFFAOYSA-N","CMP38916","Nilutamide",317.06234046,316.0551,"T3D4783"
"2353","YASYVMFAVPKPKE-UHFFFAOYSA-N","CMP40061","Acephate",183.01190081,182.0046,"T3D3788"
"2360","YCIMNLLNPGFGHC-UHFFFAOYSA-N","CMP27867","Catechol",110.036779432,109.02950294783,"T3D4575"
"2366","YCIMNLLNPGFGHC-UHFFFAOYSA-N","CMP14737","Catechol",110.036779432,109.0283,"T3D4575"
"2368","YCIMNLLNPGFGHC-UHFFFAOYSA-N","CMP15736","Pyrocatechol",110.036779432,109.0307,"T3D4575"
"2369","YCIMNLLNPGFGHC-UHFFFAOYSA-N","CMP08507","Catechol",110.036779432,109.02898,"T3D4575"
"2383","YFSUTJLHUFNCNZ-UHFFFAOYSA-N","CMP32077","Perfluorooctanesulfonic acid",499.937494632,498.9302,"T3D3899"
"2384","YFSUTJLHUFNCNZ-UHFFFAOYSA-N","CMP08064","nPFOS",499.937494632,498.9,"T3D3899"
"2400","YGSDEFSMJLZEOE-UHFFFAOYSA-N","CMP15130","Salicylic acid",138.031694052,137.0233,"T3D4816"
"2401","YGSDEFSMJLZEOE-UHFFFAOYSA-N","CMP06442","o-Hydroxybenzoate",138.031694052,137,"T3D4816"
"2402","YGSDEFSMJLZEOE-UHFFFAOYSA-N","CMP42473","Salicylic acid; LC-tDDA; CE20",138.031694052,137.0244140625,"T3D4816"
"2406","YGSDEFSMJLZEOE-UHFFFAOYSA-N","CMP14497","Salicylic Acid",138.031694052,137.0259,"T3D4816"
"2422","YGSDEFSMJLZEOE-UHFFFAOYSA-N","CMP10348","Salicylic acid",138.031694052,137.025,"T3D4816"
"2435","YHXISWVBGDMDLQ-UHFFFAOYSA-N","CMP26371","Moclobemide",268.097855464,267.0906,"T3D3004"
"2437","YKPUWZUDDOIDPM-SOFGYWHQSA-N","CMP15410","Capsaicin",305.199093724,304.1884,"T3D3085"
"2438","YKPUWZUDDOIDPM-SOFGYWHQSA-N","CMP09177","Capsaicin",305.199093724,304.1918,"T3D3085"
"2440","YKPUWZUDDOIDPM-SOFGYWHQSA-N","CMP08555","Capsaicin",305.199093724,304.19128,"T3D3085"
"2442","YKPUWZUDDOIDPM-SOFGYWHQSA-N","CMP09020","Capsaicin",305.199093724,304.1886,"T3D3085"
"2445","YNJBWRMUSHSURL-UHFFFAOYSA-N","CMP15177","Trichloroacetic acid",161.904212312,160.8958,"T3D4870"
"2446","YNTJKQDWYXUTLZ-UHFFFAOYSA-N","CMP26739","Cloprop",200.024021828,198.8,"T3D3812"
"2450","YPQLFJODEKMJEF-UHFFFAOYSA-N","CMP39302","Hydroxyflutamide",292.067091492,291.0598,"T3D4993"
"2456","YVUQSNJEYSNKRX-UHFFFAOYSA-N","CMP38724","Pimozide",461.227868988,460.2206,"T3D2984"
"2459","YWTYJOPNNQFBPC-UHFFFAOYSA-N","CMP38607","Imidacloprid",255.05230224,254.045,"T3D0797"
"2478","YWWHKOHZGJFMIE-UHFFFAOYSA-N","CMP08985","Monoethyl phthalate",194.0579088,193.0506,"T3D3961"
"2481","YXIWHUQXZSMYRE-UHFFFAOYSA-N","CMP04182","2-Mercaptobenzothiazole",166.98634116,165.9791,"T3D4857"
"2504","YXVFYQXJAXKLAK-UHFFFAOYSA-N","CMP41282","4-Phenylphenol",170.07316494,169.0659,"T3D3949"
"2510","ZBCBWPMODOFKDW-UHFFFAOYSA-N","CMP44452","DIETHANOLAMINE",105.078978592,104.0717026,"T3D4845"
"2514","ZDZOTLJHXYCWBA-VCVYQWHSSA-N","CMP15454","Docetaxel",807.346605376,806.3394,"T3D3501"
"2515","ZDZOTLJHXYCWBA-VCVYQWHSSA-N","CMP14787","Docetaxel",807.346605376,806.3399,"T3D3501"
"2516","ZFXYFBGIUFBOJW-UHFFFAOYSA-N","CMP15794","Theophylline",180.064725496,179.0583,"T3D4780"
"2517","ZFXYFBGIUFBOJW-UHFFFAOYSA-N","CMP12726","Theophylline",180.064725496,178.8,"T3D4780"
"2518","ZFXYFBGIUFBOJW-UHFFFAOYSA-N","CMP41176","Theophylline",180.064725496,179.0574,"T3D4780"
"2523","ZFXYFBGIUFBOJW-UHFFFAOYSA-N","CMP07343","Theophylline",180.064725496,179,"T3D4780"
"2545","ZFXYFBGIUFBOJW-UHFFFAOYSA-N","CMP07534","Theophylline",180.064725496,179.1,"T3D4780"
"2561","ZGVSETXHNHBTRK-UHFFFAOYNA-N","CMP27641","alpha-Solanine",867.498020636,912.49622355183,"T3D4042"
"2562","ZGVSETXHNHBTRK-UHFFFAOYNA-N","CMP30832","alpha-Solanine",867.498020636,866.4907442,"T3D4042"
"2603","ZJJXGWJIGJFDTL-UHFFFAOYSA-N","CMP39501","Glipizide",445.178375344,444.1711,"T3D2483"
"2609","ZMXDDKWLCZADIW-UHFFFAOYSA-N","CMP14969","N,N-Dimethylformamide",73.052763844,72.04418,"T3D0252"
"2613","ZOCSXAVNDGMNBV-UHFFFAOYSA-N","CMP03141","Fipronil",435.938706428,434.9314,"T3D0798"
"2644","ZOJBYZNEUISWFT-UHFFFAOYSA-N","CMP14691","Allyl isothiocyanate",99.01427016,98.00584,"T3D0778"
"2645","ZOMSMJKLGFBRBS-UHFFFAOYSA-N","CMP31789","Bentazone",240.056863244,239.0496,"T3D4479"
"2667","ZOMSMJKLGFBRBS-UHFFFAOYSA-N","CMP05810","Bentazon",240.056863244,239,"T3D4479"
"2679","ZPEIMTDSQAKGNT-UHFFFAOYSA-N","CMP40234","Chlorpromazine",318.095747288,317.0885,"T3D2806"
"2685","ZQBAKBUEJOMQEX-UHFFFAOYSA-N","CMP41251","Phenyl salicylate",214.06299418,213.0557,"T3D4905"
"2691","ZQSIJRDFPHDXIC-UHFFFAOYSA-N","CMP08956","Daidzein",254.0579088,253.0506,"T3D3964"
"2692","ZQSIJRDFPHDXIC-UHFFFAOYSA-N","CMP08510","Daidzein",254.0579088,253.05011,"T3D3964"
"2695","ZQSIJRDFPHDXIC-UHFFFAOYSA-N","CMP36407","Daidzein",254.0579088,289.0278,"T3D3964"
"2723","ZQSIJRDFPHDXIC-UHFFFAOYSA-N","CMP33014","Isoflavone base + 2O",254.0579088,253.049,"T3D3964"
"2726","ZQSIJRDFPHDXIC-UHFFFAOYSA-N","CMP10294","Daidzein",254.0579088,251.0364,"T3D3964"
"2741","ZRVUJXDFFKFLMG-UHFFFAOYSA-N","CMP39563","Meloxicam",351.034747896,350.0275,"T3D2899"
"2747","ZTHYODDOHIVTJV-UHFFFAOYSA-N","CMP39051","Propyl gallate",212.068473484,211.0612,"T3D4850"
"2753","ZTJORNVITHUQJA-UHFFFAOYSA-N","CMP39758","Heptylparaben",236.1412445,235.134,"T3D4887"
"2759","ZXVONLUNISGICL-UHFFFAOYSA-N","CMP38800","2-Methyl-4,6-dinitrophenol",198.027671292,197.0204,"T3D0102"
